"","Trials","FirstRating","GroupRating","SecondRating","Bias","Weight_first","Weight_group"
"1",1,2,4,4,0,0.1,0.9
"2",2,5,5,6,0,0.1,0.9
"3",3,6,8,6,0,0.1,0.9
"4",4,4,7,5,0,0.1,0.9
"5",5,8,5,6,0,0.1,0.9
"6",6,2,4,5,0,0.1,0.9
"7",7,1,4,4,0,0.1,0.9
"8",8,2,4,3,0,0.1,0.9
"9",9,3,3,5,0,0.1,0.9
"10",10,5,2,2,0,0.1,0.9
"11",11,5,2,1,0,0.1,0.9
"12",12,1,1,1,0,0.1,0.9
"13",13,8,8,8,0,0.1,0.9
"14",14,4,1,1,0,0.1,0.9
"15",15,5,3,3,0,0.1,0.9
"16",16,8,8,8,0,0.1,0.9
"17",17,4,4,5,0,0.1,0.9
"18",18,3,5,5,0,0.1,0.9
"19",19,5,3,3,0,0.1,0.9
"20",20,6,4,4,0,0.1,0.9
"21",21,6,6,7,0,0.1,0.9
"22",22,7,4,6,0,0.1,0.9
"23",23,1,3,3,0,0.1,0.9
"24",24,3,3,2,0,0.1,0.9
"25",25,5,3,6,0,0.1,0.9
"26",26,8,5,5,0,0.1,0.9
"27",27,3,5,6,0,0.1,0.9
"28",28,5,5,6,0,0.1,0.9
"29",29,4,4,3,0,0.1,0.9
"30",30,5,7,5,0,0.1,0.9
"31",31,7,7,7,0,0.1,0.9
"32",32,5,3,2,0,0.1,0.9
"33",33,8,5,6,0,0.1,0.9
"34",34,3,3,2,0,0.1,0.9
"35",35,5,2,2,0,0.1,0.9
"36",36,3,1,1,0,0.1,0.9
"37",37,6,3,4,0,0.1,0.9
"38",38,6,3,5,0,0.1,0.9
"39",39,3,6,7,0,0.1,0.9
"40",40,1,3,2,0,0.1,0.9
"41",41,4,6,6,0,0.1,0.9
"42",42,8,6,5,0,0.1,0.9
"43",43,1,4,4,0,0.1,0.9
"44",44,4,4,3,0,0.1,0.9
"45",45,6,4,3,0,0.1,0.9
"46",46,7,7,5,0,0.1,0.9
"47",47,6,3,5,0,0.1,0.9
"48",48,4,1,5,0,0.1,0.9
"49",49,8,8,7,0,0.1,0.9
"50",50,5,7,6,0,0.1,0.9
"51",51,8,5,5,0,0.1,0.9
"52",52,4,4,3,0,0.1,0.9
"53",53,2,4,5,0,0.1,0.9
"54",54,1,4,3,0,0.1,0.9
"55",55,2,5,5,0,0.1,0.9
"56",56,8,6,5,0,0.1,0.9
"57",57,4,4,4,0,0.1,0.9
"58",58,8,8,6,0,0.1,0.9
"59",59,5,3,3,0,0.1,0.9
"60",60,8,6,7,0,0.1,0.9
"61",61,8,6,4,0,0.1,0.9
"62",62,8,8,8,0,0.1,0.9
"63",63,6,6,5,0,0.1,0.9
"64",64,3,3,3,0,0.1,0.9
"65",65,4,7,5,0,0.1,0.9
"66",66,5,2,3,0,0.1,0.9
"67",67,1,4,3,0,0.1,0.9
"68",68,6,3,2,0,0.1,0.9
"69",69,1,1,2,0,0.1,0.9
"70",70,8,8,8,0,0.1,0.9
"71",71,6,8,8,0,0.1,0.9
"72",72,7,4,4,0,0.1,0.9
"73",73,7,7,5,0,0.1,0.9
"74",74,8,6,5,0,0.1,0.9
"75",75,6,8,8,0,0.1,0.9
"76",76,7,5,7,0,0.1,0.9
"77",77,1,4,3,0,0.1,0.9
"78",78,1,1,3,0,0.1,0.9
"79",79,2,2,2,0,0.1,0.9
"80",80,8,6,6,0,0.1,0.9
"81",81,2,2,4,0,0.1,0.9
"82",82,7,7,5,0,0.1,0.9
"83",83,3,6,4,0,0.1,0.9
"84",84,3,6,5,0,0.1,0.9
"85",85,6,8,7,0,0.1,0.9
"86",86,2,5,5,0,0.1,0.9
"87",87,1,1,1,0,0.1,0.9
"88",88,2,5,6,0,0.1,0.9
"89",89,3,3,4,0,0.1,0.9
"90",90,3,6,6,0,0.1,0.9
"91",91,8,6,5,0,0.1,0.9
"92",92,4,4,3,0,0.1,0.9
"93",93,4,4,5,0,0.1,0.9
"94",94,6,4,4,0,0.1,0.9
"95",95,7,5,4,0,0.1,0.9
"96",96,7,5,5,0,0.1,0.9
"97",97,4,6,5,0,0.1,0.9
"98",98,7,4,4,0,0.1,0.9
"99",99,8,8,7,0,0.1,0.9
"100",100,2,5,2,0,0.1,0.9
"101",101,7,7,5,0,0.1,0.9
"102",102,7,5,7,0,0.1,0.9
"103",103,3,6,6,0,0.1,0.9
"104",104,6,6,5,0,0.1,0.9
"105",105,6,6,5,0,0.1,0.9
"106",106,7,5,7,0,0.1,0.9
"107",107,4,7,5,0,0.1,0.9
"108",108,6,3,3,0,0.1,0.9
"109",109,6,4,4,0,0.1,0.9
"110",110,6,6,5,0,0.1,0.9
"111",111,8,5,6,0,0.1,0.9
"112",112,5,3,4,0,0.1,0.9
"113",113,3,5,3,0,0.1,0.9
"114",114,1,1,2,0,0.1,0.9
"115",115,2,2,4,0,0.1,0.9
"116",116,5,5,7,0,0.1,0.9
"117",117,3,5,4,0,0.1,0.9
"118",118,4,4,4,0,0.1,0.9
"119",119,7,4,2,0,0.1,0.9
"120",120,2,2,2,0,0.1,0.9
"121",121,8,6,6,0,0.1,0.9
"122",122,7,7,5,0,0.1,0.9
"123",123,8,6,6,0,0.1,0.9
"124",124,7,7,7,0,0.1,0.9
"125",125,8,8,7,0,0.1,0.9
"126",126,5,5,4,0,0.1,0.9
"127",127,1,1,3,0,0.1,0.9
"128",128,3,1,1,0,0.1,0.9
"129",129,2,2,2,0,0.1,0.9
"130",130,6,6,4,0,0.1,0.9
"131",131,7,5,4,0,0.1,0.9
"132",132,2,2,1,0,0.1,0.9
"133",133,7,7,6,0,0.1,0.9
"134",134,4,7,7,0,0.1,0.9
"135",135,6,8,6,0,0.1,0.9
"136",136,1,3,1,0,0.1,0.9
"137",137,8,8,8,0,0.1,0.9
"138",138,1,4,5,0,0.1,0.9
"139",139,1,3,4,0,0.1,0.9
"140",140,1,3,1,0,0.1,0.9
"141",141,1,3,3,0,0.1,0.9
"142",142,2,4,3,0,0.1,0.9
"143",143,5,2,2,0,0.1,0.9
"144",144,7,5,5,0,0.1,0.9
"145",145,5,8,8,0,0.1,0.9
"146",146,1,3,4,0,0.1,0.9
"147",147,4,6,7,0,0.1,0.9
"148",148,8,5,4,0,0.1,0.9
"149",149,2,4,5,0,0.1,0.9
"150",150,2,2,3,0,0.1,0.9
"151",151,8,5,5,0,0.1,0.9
"152",152,2,2,1,0,0.1,0.9
"153",153,2,4,5,0,0.1,0.9
"154",154,5,7,6,0,0.1,0.9
"155",155,7,5,5,0,0.1,0.9
"156",156,5,7,6,0,0.1,0.9
"157",157,5,3,3,0,0.1,0.9
"158",158,3,1,1,0,0.1,0.9
"159",159,6,3,3,0,0.1,0.9
"160",160,7,7,8,0,0.1,0.9
"161",161,6,6,6,0,0.1,0.9
"162",162,2,5,6,0,0.1,0.9
"163",163,6,4,6,0,0.1,0.9
"164",164,3,3,4,0,0.1,0.9
"165",165,8,5,5,0,0.1,0.9
"166",166,3,5,6,0,0.1,0.9
"167",167,3,6,6,0,0.1,0.9
"168",168,7,5,3,0,0.1,0.9
"169",169,2,4,5,0,0.1,0.9
"170",170,7,4,2,0,0.1,0.9
"171",171,2,2,2,0,0.1,0.9
"172",172,4,7,4,0,0.1,0.9
"173",173,6,8,7,0,0.1,0.9
"174",174,5,5,6,0,0.1,0.9
"175",175,8,8,8,0,0.1,0.9
"176",176,2,4,2,0,0.1,0.9
"177",177,4,6,5,0,0.1,0.9
"178",178,6,6,6,0,0.1,0.9
"179",179,3,3,3,0,0.1,0.9
"180",180,5,5,4,0,0.1,0.9
"181",181,7,4,2,0,0.1,0.9
"182",182,7,4,3,0,0.1,0.9
"183",183,3,3,4,0,0.1,0.9
"184",184,6,3,3,0,0.1,0.9
"185",185,7,5,5,0,0.1,0.9
"186",186,3,6,3,0,0.1,0.9
"187",187,7,4,4,0,0.1,0.9
"188",188,1,4,6,0,0.1,0.9
"189",189,1,4,4,0,0.1,0.9
"190",190,5,8,8,0,0.1,0.9
"191",191,8,8,6,0,0.1,0.9
"192",192,6,6,6,0,0.1,0.9
"193",193,2,2,2,0,0.1,0.9
"194",194,2,5,6,0,0.1,0.9
"195",195,6,8,8,0,0.1,0.9
"196",196,7,5,3,0,0.1,0.9
"197",197,4,7,4,0,0.1,0.9
"198",198,2,5,6,0,0.1,0.9
"199",199,7,5,5,0,0.1,0.9
"200",200,2,4,4,0,0.1,0.9
"201",201,5,5,5,0,0.1,0.9
"202",202,2,4,4,0,0.1,0.9
"203",203,2,4,5,0,0.1,0.9
"204",204,6,3,2,0,0.1,0.9
"205",205,2,5,4,0,0.1,0.9
"206",206,8,5,4,0,0.1,0.9
"207",207,7,7,7,0,0.1,0.9
"208",208,2,5,4,0,0.1,0.9
"209",209,5,8,8,0,0.1,0.9
"210",210,5,8,7,0,0.1,0.9
"211",211,2,5,5,0,0.1,0.9
"212",212,4,6,3,0,0.1,0.9
"213",213,6,6,6,0,0.1,0.9
"214",214,7,5,5,0,0.1,0.9
"215",215,8,6,5,0,0.1,0.9
"216",216,8,6,7,0,0.1,0.9
"217",217,7,5,5,0,0.1,0.9
"218",218,3,6,6,0,0.1,0.9
"219",219,8,5,6,0,0.1,0.9
"220",220,4,2,1,0,0.1,0.9
"221",221,3,5,4,0,0.1,0.9
"222",222,8,6,6,0,0.1,0.9
"223",223,6,3,4,0,0.1,0.9
"224",224,4,4,5,0,0.1,0.9
"225",225,8,6,7,0,0.1,0.9
"226",226,5,8,6,0,0.1,0.9
"227",227,6,8,8,0,0.1,0.9
"228",228,8,6,6,0,0.1,0.9
"229",229,6,8,7,0,0.1,0.9
"230",230,3,1,4,0,0.1,0.9
"231",231,1,4,3,0,0.1,0.9
"232",232,8,8,8,0,0.1,0.9
"233",233,5,2,2,0,0.1,0.9
"234",234,7,4,4,0,0.1,0.9
"235",235,3,5,5,0,0.1,0.9
"236",236,3,6,8,0,0.1,0.9
"237",237,1,3,6,0,0.1,0.9
"238",238,6,8,7,0,0.1,0.9
"239",239,7,5,3,0,0.1,0.9
"240",240,4,4,7,0,0.1,0.9
"241",241,6,8,7,0,0.1,0.9
"242",242,4,4,2,0,0.1,0.9
"243",243,7,5,4,0,0.1,0.9
"244",244,5,3,2,0,0.1,0.9
"245",245,3,5,4,0,0.1,0.9
"246",246,5,5,3,0,0.1,0.9
"247",247,3,6,6,0,0.1,0.9
"248",248,7,4,3,0,0.1,0.9
"249",249,4,7,8,0,0.1,0.9
"250",250,2,5,5,0,0.1,0.9
"251",251,8,6,5,0,0.1,0.9
"252",252,7,7,8,0,0.1,0.9
"253",253,7,5,3,0,0.1,0.9
"254",254,3,5,5,0,0.1,0.9
"255",255,3,5,4,0,0.1,0.9
"256",256,4,1,1,0,0.1,0.9
"257",257,2,2,3,0,0.1,0.9
"258",258,1,4,3,0,0.1,0.9
"259",259,4,4,3,0,0.1,0.9
"260",260,1,1,1,0,0.1,0.9
"261",261,1,4,3,0,0.1,0.9
"262",262,7,5,4,0,0.1,0.9
"263",263,2,4,4,0,0.1,0.9
"264",264,4,6,4,0,0.1,0.9
"265",265,4,4,4,0,0.1,0.9
"266",266,7,5,6,0,0.1,0.9
"267",267,6,6,6,0,0.1,0.9
"268",268,1,4,4,0,0.1,0.9
"269",269,5,5,5,0,0.1,0.9
"270",270,2,2,1,0,0.1,0.9
"271",271,5,3,4,0,0.1,0.9
"272",272,3,3,4,0,0.1,0.9
"273",273,2,5,4,0,0.1,0.9
"274",274,8,5,6,0,0.1,0.9
"275",275,7,4,5,0,0.1,0.9
"276",276,8,8,6,0,0.1,0.9
"277",277,4,2,2,0,0.1,0.9
"278",278,7,7,4,0,0.1,0.9
"279",279,4,2,1,0,0.1,0.9
"280",280,1,1,1,0,0.1,0.9
"281",281,1,4,3,0,0.1,0.9
"282",282,8,8,8,0,0.1,0.9
"283",283,1,4,3,0,0.1,0.9
"284",284,7,5,6,0,0.1,0.9
"285",285,5,8,7,0,0.1,0.9
"286",286,3,1,2,0,0.1,0.9
"287",287,5,2,2,0,0.1,0.9
"288",288,6,3,5,0,0.1,0.9
"289",289,5,7,8,0,0.1,0.9
"290",290,1,4,3,0,0.1,0.9
"291",291,2,5,4,0,0.1,0.9
"292",292,3,1,2,0,0.1,0.9
"293",293,5,3,4,0,0.1,0.9
"294",294,5,5,6,0,0.1,0.9
"295",295,8,6,4,0,0.1,0.9
"296",296,3,1,2,0,0.1,0.9
"297",297,5,7,7,0,0.1,0.9
"298",298,4,4,4,0,0.1,0.9
"299",299,2,2,3,0,0.1,0.9
"300",300,5,8,8,0,0.1,0.9
"301",301,3,1,2,0,0.1,0.9
"302",302,5,8,7,0,0.1,0.9
"303",303,7,5,5,0,0.1,0.9
"304",304,5,2,2,0,0.1,0.9
"305",305,6,8,8,0,0.1,0.9
"306",306,2,4,3,0,0.1,0.9
"307",307,6,8,8,0,0.1,0.9
"308",308,3,6,3,0,0.1,0.9
"309",309,5,3,3,0,0.1,0.9
"310",310,8,5,4,0,0.1,0.9
"311",311,1,1,1,0,0.1,0.9
"312",312,8,5,3,0,0.1,0.9
"313",313,3,5,4,0,0.1,0.9
"314",314,5,5,4,0,0.1,0.9
"315",315,1,1,1,0,0.1,0.9
"316",316,5,5,3,0,0.1,0.9
"317",317,6,4,3,0,0.1,0.9
"318",318,2,2,2,0,0.1,0.9
"319",319,8,8,8,0,0.1,0.9
"320",320,7,7,6,0,0.1,0.9
"321",321,4,6,5,0,0.1,0.9
"322",322,8,8,7,0,0.1,0.9
"323",323,8,6,7,0,0.1,0.9
"324",324,3,3,4,0,0.1,0.9
"325",325,1,1,2,0,0.1,0.9
"326",326,2,4,4,0,0.1,0.9
"327",327,2,5,4,0,0.1,0.9
"328",328,7,5,5,0,0.1,0.9
"329",329,4,2,3,0,0.1,0.9
"330",330,4,4,4,0,0.1,0.9
"331",331,4,6,8,0,0.1,0.9
"332",332,6,6,5,0,0.1,0.9
"333",333,3,3,4,0,0.1,0.9
"334",334,7,4,5,0,0.1,0.9
"335",335,2,4,3,0,0.1,0.9
"336",336,7,7,7,0,0.1,0.9
"337",337,4,7,6,0,0.1,0.9
"338",338,3,6,5,0,0.1,0.9
"339",339,5,8,8,0,0.1,0.9
"340",340,4,1,1,0,0.1,0.9
"341",341,4,2,1,0,0.1,0.9
"342",342,6,8,8,0,0.1,0.9
"343",343,4,4,4,0,0.1,0.9
"344",344,6,4,5,0,0.1,0.9
"345",345,2,4,6,0,0.1,0.9
"346",346,6,3,6,0,0.1,0.9
"347",347,3,3,5,0,0.1,0.9
"348",348,6,3,5,0,0.1,0.9
"349",349,5,2,4,0,0.1,0.9
"350",350,6,3,4,0,0.1,0.9
"351",351,3,3,2,0,0.1,0.9
"352",352,6,6,7,0,0.1,0.9
"353",353,8,5,4,0,0.1,0.9
"354",354,8,5,5,0,0.1,0.9
"355",355,4,2,4,0,0.1,0.9
"356",356,6,4,3,0,0.1,0.9
"357",357,3,3,5,0,0.1,0.9
"358",358,7,7,5,0,0.1,0.9
"359",359,8,5,4,0,0.1,0.9
"360",360,2,5,3,0,0.1,0.9
"361",361,8,6,4,0,0.1,0.9
"362",362,7,7,7,0,0.1,0.9
"363",363,6,8,8,0,0.1,0.9
"364",364,1,3,2,0,0.1,0.9
"365",365,8,5,5,0,0.1,0.9
"366",366,7,4,6,0,0.1,0.9
"367",367,7,5,6,0,0.1,0.9
"368",368,2,5,3,0,0.1,0.9
"369",369,1,3,7,0,0.1,0.9
"370",370,4,2,2,0,0.1,0.9
"371",371,4,2,1,0,0.1,0.9
"372",372,8,5,3,0,0.1,0.9
"373",373,2,2,6,0,0.1,0.9
"374",374,4,6,6,0,0.1,0.9
"375",375,1,3,3,0,0.1,0.9
"376",376,8,5,5,0,0.1,0.9
"377",377,7,4,3,0,0.1,0.9
"378",378,1,3,5,0,0.1,0.9
"379",379,6,8,7,0,0.1,0.9
"380",380,6,8,8,0,0.1,0.9
"381",381,1,3,1,0,0.1,0.9
"382",382,8,8,8,0,0.1,0.9
"383",383,5,3,2,0,0.1,0.9
"384",384,5,2,3,0,0.1,0.9
"385",385,1,3,4,0,0.1,0.9
"386",386,1,3,4,0,0.1,0.9
"387",387,2,2,3,0,0.1,0.9
"388",388,6,8,7,0,0.1,0.9
"389",389,2,4,2,0,0.1,0.9
"390",390,8,6,7,0,0.1,0.9
"391",391,7,5,5,0,0.1,0.9
"392",392,7,5,3,0,0.1,0.9
"393",393,5,3,4,0,0.1,0.9
"394",394,4,4,4,0,0.1,0.9
"395",395,6,4,5,0,0.1,0.9
"396",396,5,7,8,0,0.1,0.9
"397",397,6,3,4,0,0.1,0.9
"398",398,7,5,5,0,0.1,0.9
"399",399,6,3,4,0,0.1,0.9
"400",400,4,7,7,0,0.1,0.9
"401",401,7,7,6,0,0.1,0.9
"402",402,4,2,2,0,0.1,0.9
"403",403,8,8,7,0,0.1,0.9
"404",404,5,2,3,0,0.1,0.9
"405",405,3,5,3,0,0.1,0.9
"406",406,7,5,6,0,0.1,0.9
"407",407,1,1,2,0,0.1,0.9
"408",408,2,5,6,0,0.1,0.9
"409",409,1,4,4,0,0.1,0.9
"410",410,1,4,3,0,0.1,0.9
"411",411,1,4,5,0,0.1,0.9
"412",412,7,4,6,0,0.1,0.9
"413",413,1,3,6,0,0.1,0.9
"414",414,3,6,7,0,0.1,0.9
"415",415,4,6,5,0,0.1,0.9
"416",416,1,3,2,0,0.1,0.9
"417",417,8,5,8,0,0.1,0.9
"418",418,2,4,3,0,0.1,0.9
"419",419,2,5,6,0,0.1,0.9
"420",420,2,4,4,0,0.1,0.9
"421",421,7,5,4,0,0.1,0.9
"422",422,7,5,4,0,0.1,0.9
"423",423,1,4,3,0,0.1,0.9
"424",424,6,6,6,0,0.1,0.9
"425",425,2,5,5,0,0.1,0.9
"426",426,3,1,1,0,0.1,0.9
"427",427,6,6,8,0,0.1,0.9
"428",428,1,4,4,0,0.1,0.9
"429",429,1,1,3,0,0.1,0.9
"430",430,2,2,2,0,0.1,0.9
"431",431,3,6,5,0,0.1,0.9
"432",432,5,7,6,0,0.1,0.9
"433",433,8,6,6,0,0.1,0.9
"434",434,8,6,5,0,0.1,0.9
"435",435,5,7,6,0,0.1,0.9
"436",436,8,5,7,0,0.1,0.9
"437",437,5,2,3,0,0.1,0.9
"438",438,5,5,3,0,0.1,0.9
"439",439,5,8,7,0,0.1,0.9
"440",440,4,4,5,0,0.1,0.9
"441",441,8,8,7,0,0.1,0.9
"442",442,1,3,4,0,0.1,0.9
"443",443,6,3,2,0,0.1,0.9
"444",444,2,4,3,0,0.1,0.9
"445",445,7,7,5,0,0.1,0.9
"446",446,3,6,4,0,0.1,0.9
"447",447,2,2,2,0,0.1,0.9
"448",448,4,2,5,0,0.1,0.9
"449",449,5,7,7,0,0.1,0.9
"450",450,3,6,5,0,0.1,0.9
"451",451,7,5,6,0,0.1,0.9
"452",452,1,1,3,0,0.1,0.9
"453",453,4,6,4,0,0.1,0.9
"454",454,7,4,3,0,0.1,0.9
"455",455,4,2,3,0,0.1,0.9
"456",456,4,7,6,0,0.1,0.9
"457",457,6,6,8,0,0.1,0.9
"458",458,4,4,6,0,0.1,0.9
"459",459,3,5,4,0,0.1,0.9
"460",460,4,7,6,0,0.1,0.9
"461",461,5,5,4,0,0.1,0.9
"462",462,8,8,8,0,0.1,0.9
"463",463,2,2,1,0,0.1,0.9
"464",464,8,8,8,0,0.1,0.9
"465",465,6,8,7,0,0.1,0.9
"466",466,7,5,7,0,0.1,0.9
"467",467,8,5,6,0,0.1,0.9
"468",468,2,2,2,0,0.1,0.9
"469",469,1,4,3,0,0.1,0.9
"470",470,1,3,4,0,0.1,0.9
"471",471,3,1,1,0,0.1,0.9
"472",472,2,4,2,0,0.1,0.9
"473",473,3,3,3,0,0.1,0.9
"474",474,5,5,2,0,0.1,0.9
"475",475,1,3,2,0,0.1,0.9
"476",476,2,5,3,0,0.1,0.9
"477",477,4,4,3,0,0.1,0.9
"478",478,8,6,7,0,0.1,0.9
"479",479,6,6,7,0,0.1,0.9
"480",480,4,4,5,0,0.1,0.9
"481",481,8,6,7,0,0.1,0.9
"482",482,1,4,3,0,0.1,0.9
"483",483,7,4,3,0,0.1,0.9
"484",484,2,5,7,0,0.1,0.9
"485",485,5,2,4,0,0.1,0.9
"486",486,1,3,4,0,0.1,0.9
"487",487,3,5,6,0,0.1,0.9
"488",488,2,5,5,0,0.1,0.9
"489",489,5,3,6,0,0.1,0.9
"490",490,4,4,5,0,0.1,0.9
"491",491,8,5,5,0,0.1,0.9
"492",492,7,7,7,0,0.1,0.9
"493",493,1,4,4,0,0.1,0.9
"494",494,7,7,7,0,0.1,0.9
"495",495,8,8,8,0,0.1,0.9
"496",496,4,1,1,0,0.1,0.9
"497",497,8,5,7,0,0.1,0.9
"498",498,7,7,6,0,0.1,0.9
"499",499,1,1,2,0,0.1,0.9
"500",500,4,4,2,0,0.1,0.9
"501",501,2,5,2,0,0.1,0.9
"502",502,7,5,5,0,0.1,0.9
"503",503,8,8,7,0,0.1,0.9
"504",504,6,4,3,0,0.1,0.9
"505",505,1,1,1,0,0.1,0.9
"506",506,7,5,7,0,0.1,0.9
"507",507,7,7,8,0,0.1,0.9
"508",508,8,5,3,0,0.1,0.9
"509",509,5,3,5,0,0.1,0.9
"510",510,8,8,8,0,0.1,0.9
"511",511,3,3,4,0,0.1,0.9
"512",512,6,8,8,0,0.1,0.9
"513",513,3,5,6,0,0.1,0.9
"514",514,3,1,1,0,0.1,0.9
"515",515,6,8,7,0,0.1,0.9
"516",516,5,7,8,0,0.1,0.9
"517",517,8,8,8,0,0.1,0.9
"518",518,4,1,3,0,0.1,0.9
"519",519,6,8,7,0,0.1,0.9
"520",520,1,1,2,0,0.1,0.9
"521",521,4,7,7,0,0.1,0.9
"522",522,2,4,2,0,0.1,0.9
"523",523,1,4,5,0,0.1,0.9
"524",524,7,4,2,0,0.1,0.9
"525",525,8,6,6,0,0.1,0.9
"526",526,4,4,6,0,0.1,0.9
"527",527,8,5,4,0,0.1,0.9
"528",528,4,1,2,0,0.1,0.9
"529",529,1,3,5,0,0.1,0.9
"530",530,4,6,7,0,0.1,0.9
"531",531,7,4,6,0,0.1,0.9
"532",532,1,1,2,0,0.1,0.9
"533",533,4,2,1,0,0.1,0.9
"534",534,2,2,2,0,0.1,0.9
"535",535,3,6,4,0,0.1,0.9
"536",536,5,7,5,0,0.1,0.9
"537",537,2,4,6,0,0.1,0.9
"538",538,1,1,2,0,0.1,0.9
"539",539,1,4,6,0,0.1,0.9
"540",540,5,7,8,0,0.1,0.9
"541",541,3,1,2,0,0.1,0.9
"542",542,8,8,8,0,0.1,0.9
"543",543,5,2,2,0,0.1,0.9
"544",544,7,5,5,0,0.1,0.9
"545",545,3,3,3,0,0.1,0.9
"546",546,7,4,6,0,0.1,0.9
"547",547,8,6,5,0,0.1,0.9
"548",548,5,5,4,0,0.1,0.9
"549",549,7,7,6,0,0.1,0.9
"550",550,4,4,3,0,0.1,0.9
"551",551,8,6,6,0,0.1,0.9
"552",552,5,8,7,0,0.1,0.9
"553",553,2,5,6,0,0.1,0.9
"554",554,5,5,5,0,0.1,0.9
"555",555,2,2,2,0,0.1,0.9
"556",556,3,1,1,0,0.1,0.9
"557",557,6,6,6,0,0.1,0.9
"558",558,6,3,2,0,0.1,0.9
"559",559,4,4,6,0,0.1,0.9
"560",560,6,3,4,0,0.1,0.9
"561",561,4,2,1,0,0.1,0.9
"562",562,5,5,6,0,0.1,0.9
"563",563,6,3,5,0,0.1,0.9
"564",564,1,3,3,0,0.1,0.9
"565",565,8,6,6,0,0.1,0.9
"566",566,2,4,6,0,0.1,0.9
"567",567,8,8,8,0,0.1,0.9
"568",568,6,6,2,0,0.1,0.9
"569",569,8,6,5,0,0.1,0.9
"570",570,6,8,7,0,0.1,0.9
"571",571,1,3,4,0,0.1,0.9
"572",572,2,2,2,0,0.1,0.9
"573",573,5,8,7,0,0.1,0.9
"574",574,4,2,3,0,0.1,0.9
"575",575,2,5,5,0,0.1,0.9
"576",576,7,7,6,0,0.1,0.9
"577",577,7,4,4,0,0.1,0.9
"578",578,7,4,3,0,0.1,0.9
"579",579,7,4,7,0,0.1,0.9
"580",580,1,4,4,0,0.1,0.9
"581",581,4,7,8,0,0.1,0.9
"582",582,2,4,4,0,0.1,0.9
"583",583,8,8,7,0,0.1,0.9
"584",584,3,5,6,0,0.1,0.9
"585",585,8,8,7,0,0.1,0.9
"586",586,5,3,2,0,0.1,0.9
"587",587,6,4,6,0,0.1,0.9
"588",588,2,5,2,0,0.1,0.9
"589",589,7,5,4,0,0.1,0.9
"590",590,5,7,6,0,0.1,0.9
"591",591,3,6,4,0,0.1,0.9
"592",592,2,4,4,0,0.1,0.9
"593",593,3,6,7,0,0.1,0.9
"594",594,6,8,8,0,0.1,0.9
"595",595,7,4,4,0,0.1,0.9
"596",596,3,3,2,0,0.1,0.9
"597",597,7,5,5,0,0.1,0.9
"598",598,5,3,5,0,0.1,0.9
"599",599,3,3,4,0,0.1,0.9
"600",600,1,4,6,0,0.1,0.9
"601",601,5,7,5,0,0.1,0.9
"602",602,3,5,3,0,0.1,0.9
"603",603,4,2,3,0,0.1,0.9
"604",604,2,5,3,0,0.1,0.9
"605",605,6,3,2,0,0.1,0.9
"606",606,7,7,8,0,0.1,0.9
"607",607,5,3,5,0,0.1,0.9
"608",608,1,3,3,0,0.1,0.9
"609",609,8,5,8,0,0.1,0.9
"610",610,7,7,8,0,0.1,0.9
"611",611,1,1,1,0,0.1,0.9
"612",612,1,3,1,0,0.1,0.9
"613",613,4,6,5,0,0.1,0.9
"614",614,7,5,3,0,0.1,0.9
"615",615,1,1,1,0,0.1,0.9
"616",616,6,4,3,0,0.1,0.9
"617",617,2,4,4,0,0.1,0.9
"618",618,6,3,3,0,0.1,0.9
"619",619,7,4,4,0,0.1,0.9
"620",620,1,4,5,0,0.1,0.9
"621",621,4,4,3,0,0.1,0.9
"622",622,7,5,5,0,0.1,0.9
"623",623,8,5,7,0,0.1,0.9
"624",624,2,4,3,0,0.1,0.9
"625",625,3,1,1,0,0.1,0.9
"626",626,6,4,4,0,0.1,0.9
"627",627,6,4,6,0,0.1,0.9
"628",628,5,5,5,0,0.1,0.9
"629",629,7,4,7,0,0.1,0.9
"630",630,7,5,8,0,0.1,0.9
"631",631,3,3,4,0,0.1,0.9
"632",632,5,3,3,0,0.1,0.9
"633",633,4,2,3,0,0.1,0.9
"634",634,2,5,5,0,0.1,0.9
"635",635,7,7,6,0,0.1,0.9
"636",636,6,8,8,0,0.1,0.9
"637",637,5,5,5,0,0.1,0.9
"638",638,7,7,8,0,0.1,0.9
"639",639,7,4,5,0,0.1,0.9
"640",640,6,4,1,0,0.1,0.9
"641",641,6,4,5,0,0.1,0.9
"642",642,4,6,5,0,0.1,0.9
"643",643,1,1,2,0,0.1,0.9
"644",644,4,4,4,0,0.1,0.9
"645",645,8,5,6,0,0.1,0.9
"646",646,5,7,6,0,0.1,0.9
"647",647,7,5,4,0,0.1,0.9
"648",648,1,4,3,0,0.1,0.9
"649",649,6,8,6,0,0.1,0.9
"650",650,8,6,6,0,0.1,0.9
"651",651,8,6,8,0,0.1,0.9
"652",652,8,8,8,0,0.1,0.9
"653",653,5,3,4,0,0.1,0.9
"654",654,5,2,4,0,0.1,0.9
"655",655,6,8,7,0,0.1,0.9
"656",656,2,2,2,0,0.1,0.9
"657",657,1,3,2,0,0.1,0.9
"658",658,2,5,5,0,0.1,0.9
"659",659,3,5,7,0,0.1,0.9
"660",660,3,1,2,0,0.1,0.9
"661",661,4,2,2,0,0.1,0.9
"662",662,1,4,4,0,0.1,0.9
"663",663,1,1,1,0,0.1,0.9
"664",664,8,8,8,0,0.1,0.9
"665",665,2,5,4,0,0.1,0.9
"666",666,8,5,6,0,0.1,0.9
"667",667,8,8,6,0,0.1,0.9
"668",668,4,7,6,0,0.1,0.9
"669",669,3,6,7,0,0.1,0.9
"670",670,2,4,3,0,0.1,0.9
"671",671,6,6,6,0,0.1,0.9
"672",672,6,8,7,0,0.1,0.9
"673",673,1,1,1,0,0.1,0.9
"674",674,7,5,5,0,0.1,0.9
"675",675,7,5,6,0,0.1,0.9
"676",676,1,4,2,0,0.1,0.9
"677",677,1,1,1,0,0.1,0.9
"678",678,5,3,4,0,0.1,0.9
"679",679,3,1,1,0,0.1,0.9
"680",680,1,3,3,0,0.1,0.9
"681",681,4,4,4,0,0.1,0.9
"682",682,7,7,5,0,0.1,0.9
"683",683,5,8,7,0,0.1,0.9
"684",684,7,4,3,0,0.1,0.9
"685",685,5,8,7,0,0.1,0.9
"686",686,6,6,5,0,0.1,0.9
"687",687,6,4,4,0,0.1,0.9
"688",688,5,2,3,0,0.1,0.9
"689",689,4,7,6,0,0.1,0.9
"690",690,7,4,6,0,0.1,0.9
"691",691,8,8,7,0,0.1,0.9
"692",692,4,2,2,0,0.1,0.9
"693",693,2,2,4,0,0.1,0.9
"694",694,5,5,6,0,0.1,0.9
"695",695,3,3,7,0,0.1,0.9
"696",696,2,5,4,0,0.1,0.9
"697",697,5,5,4,0,0.1,0.9
"698",698,3,5,7,0,0.1,0.9
"699",699,4,7,7,0,0.1,0.9
"700",700,7,5,5,0,0.1,0.9
"701",701,7,7,8,0,0.1,0.9
"702",702,5,7,5,0,0.1,0.9
"703",703,6,4,5,0,0.1,0.9
"704",704,2,4,4,0,0.1,0.9
"705",705,8,5,4,0,0.1,0.9
"706",706,1,1,3,0,0.1,0.9
"707",707,8,8,8,0,0.1,0.9
"708",708,2,4,4,0,0.1,0.9
"709",709,3,3,1,0,0.1,0.9
"710",710,2,2,2,0,0.1,0.9
"711",711,3,5,4,0,0.1,0.9
"712",712,3,5,5,0,0.1,0.9
"713",713,3,1,2,0,0.1,0.9
"714",714,8,8,8,0,0.1,0.9
"715",715,8,6,7,0,0.1,0.9
"716",716,1,4,5,0,0.1,0.9
"717",717,2,4,2,0,0.1,0.9
"718",718,5,7,6,0,0.1,0.9
"719",719,5,5,6,0,0.1,0.9
"720",720,7,5,5,0,0.1,0.9
"721",721,3,1,2,0,0.1,0.9
"722",722,6,8,8,0,0.1,0.9
"723",723,4,6,7,0,0.1,0.9
"724",724,3,3,5,0,0.1,0.9
"725",725,6,3,2,0,0.1,0.9
"726",726,2,5,3,0,0.1,0.9
"727",727,6,3,5,0,0.1,0.9
"728",728,4,7,6,0,0.1,0.9
"729",729,8,5,3,0,0.1,0.9
"730",730,5,7,7,0,0.1,0.9
"731",731,5,2,3,0,0.1,0.9
"732",732,2,5,2,0,0.1,0.9
"733",733,3,3,4,0,0.1,0.9
"734",734,2,4,3,0,0.1,0.9
"735",735,1,3,3,0,0.1,0.9
"736",736,6,6,7,0,0.1,0.9
"737",737,4,6,6,0,0.1,0.9
"738",738,2,2,4,0,0.1,0.9
"739",739,5,8,7,0,0.1,0.9
"740",740,4,1,3,0,0.1,0.9
"741",741,4,1,2,0,0.1,0.9
"742",742,5,8,8,0,0.1,0.9
"743",743,3,3,5,0,0.1,0.9
"744",744,3,3,3,0,0.1,0.9
"745",745,2,5,4,0,0.1,0.9
"746",746,3,5,6,0,0.1,0.9
"747",747,8,5,5,0,0.1,0.9
"748",748,7,4,3,0,0.1,0.9
"749",749,5,3,2,0,0.1,0.9
"750",750,6,4,4,0,0.1,0.9
"751",751,1,1,1,0,0.1,0.9
"752",752,7,7,7,0,0.1,0.9
"753",753,5,2,3,0,0.1,0.9
"754",754,8,8,8,0,0.1,0.9
"755",755,1,4,5,0,0.1,0.9
"756",756,2,5,3,0,0.1,0.9
"757",757,8,5,6,0,0.1,0.9
"758",758,5,3,2,0,0.1,0.9
"759",759,5,7,4,0,0.1,0.9
"760",760,8,6,7,0,0.1,0.9
"761",761,7,4,2,0,0.1,0.9
"762",762,4,2,5,0,0.1,0.9
"763",763,8,5,6,0,0.1,0.9
"764",764,8,6,7,0,0.1,0.9
"765",765,4,6,4,0,0.1,0.9
"766",766,4,2,2,0,0.1,0.9
"767",767,5,5,5,0,0.1,0.9
"768",768,8,8,7,0,0.1,0.9
"769",769,4,4,6,0,0.1,0.9
"770",770,4,4,5,0,0.1,0.9
"771",771,7,4,5,0,0.1,0.9
"772",772,3,1,1,0,0.1,0.9
"773",773,1,3,4,0,0.1,0.9
"774",774,2,5,5,0,0.1,0.9
"775",775,4,6,7,0,0.1,0.9
"776",776,7,4,6,0,0.1,0.9
"777",777,6,8,7,0,0.1,0.9
"778",778,6,6,5,0,0.1,0.9
"779",779,6,3,4,0,0.1,0.9
"780",780,5,5,5,0,0.1,0.9
"781",781,2,5,5,0,0.1,0.9
"782",782,1,4,6,0,0.1,0.9
"783",783,8,6,4,0,0.1,0.9
"784",784,5,7,6,0,0.1,0.9
"785",785,3,1,1,0,0.1,0.9
"786",786,5,3,4,0,0.1,0.9
"787",787,5,5,5,0,0.1,0.9
"788",788,7,7,7,0,0.1,0.9
"789",789,2,2,3,0,0.1,0.9
"790",790,6,3,3,0,0.1,0.9
"791",791,7,4,2,0,0.1,0.9
"792",792,6,4,4,0,0.1,0.9
"793",793,5,7,6,0,0.1,0.9
"794",794,3,1,2,0,0.1,0.9
"795",795,3,3,4,0,0.1,0.9
"796",796,2,5,2,0,0.1,0.9
"797",797,2,4,5,0,0.1,0.9
"798",798,6,4,7,0,0.1,0.9
"799",799,4,6,5,0,0.1,0.9
"800",800,7,7,3,0,0.1,0.9
"801",801,4,6,7,0,0.1,0.9
"802",802,4,4,5,0,0.1,0.9
"803",803,2,4,4,0,0.1,0.9
"804",804,7,7,6,0,0.1,0.9
"805",805,3,5,4,0,0.1,0.9
"806",806,7,5,5,0,0.1,0.9
"807",807,2,5,3,0,0.1,0.9
"808",808,7,5,6,0,0.1,0.9
"809",809,6,4,2,0,0.1,0.9
"810",810,3,5,5,0,0.1,0.9
"811",811,4,7,5,0,0.1,0.9
"812",812,2,4,5,0,0.1,0.9
"813",813,2,4,6,0,0.1,0.9
"814",814,1,1,1,0,0.1,0.9
"815",815,6,3,4,0,0.1,0.9
"816",816,6,8,5,0,0.1,0.9
"817",817,2,4,3,0,0.1,0.9
"818",818,8,8,7,0,0.1,0.9
"819",819,6,6,4,0,0.1,0.9
"820",820,8,6,6,0,0.1,0.9
"821",821,3,6,8,0,0.1,0.9
"822",822,4,2,2,0,0.1,0.9
"823",823,8,6,4,0,0.1,0.9
"824",824,3,6,6,0,0.1,0.9
"825",825,2,2,2,0,0.1,0.9
"826",826,5,8,8,0,0.1,0.9
"827",827,2,2,4,0,0.1,0.9
"828",828,4,6,8,0,0.1,0.9
"829",829,8,5,4,0,0.1,0.9
"830",830,6,6,3,0,0.1,0.9
"831",831,5,3,4,0,0.1,0.9
"832",832,2,2,3,0,0.1,0.9
"833",833,5,7,5,0,0.1,0.9
"834",834,7,7,8,0,0.1,0.9
"835",835,7,5,3,0,0.1,0.9
"836",836,2,5,4,0,0.1,0.9
"837",837,8,6,6,0,0.1,0.9
"838",838,1,3,5,0,0.1,0.9
"839",839,4,4,4,0,0.1,0.9
"840",840,2,2,5,0,0.1,0.9
"841",841,3,5,3,0,0.1,0.9
"842",842,3,6,4,0,0.1,0.9
"843",843,1,4,3,0,0.1,0.9
"844",844,3,6,8,0,0.1,0.9
"845",845,8,8,7,0,0.1,0.9
"846",846,1,3,2,0,0.1,0.9
"847",847,6,8,8,0,0.1,0.9
"848",848,7,4,6,0,0.1,0.9
"849",849,2,5,4,0,0.1,0.9
"850",850,7,4,3,0,0.1,0.9
"851",851,7,4,3,0,0.1,0.9
"852",852,6,6,6,0,0.1,0.9
"853",853,7,5,5,0,0.1,0.9
"854",854,5,3,3,0,0.1,0.9
"855",855,1,4,5,0,0.1,0.9
"856",856,4,1,1,0,0.1,0.9
"857",857,2,4,3,0,0.1,0.9
"858",858,1,4,6,0,0.1,0.9
"859",859,3,3,1,0,0.1,0.9
"860",860,6,3,5,0,0.1,0.9
"861",861,2,2,1,0,0.1,0.9
"862",862,1,4,5,0,0.1,0.9
"863",863,8,8,7,0,0.1,0.9
"864",864,5,2,1,0,0.1,0.9
"865",865,2,4,4,0,0.1,0.9
"866",866,2,2,2,0,0.1,0.9
"867",867,6,3,6,0,0.1,0.9
"868",868,8,8,7,0,0.1,0.9
"869",869,4,4,3,0,0.1,0.9
"870",870,5,8,8,0,0.1,0.9
"871",871,8,8,7,0,0.1,0.9
"872",872,6,4,6,0,0.1,0.9
"873",873,1,1,2,0,0.1,0.9
"874",874,6,8,7,0,0.1,0.9
"875",875,2,5,7,0,0.1,0.9
"876",876,3,5,3,0,0.1,0.9
"877",877,5,7,6,0,0.1,0.9
"878",878,7,7,6,0,0.1,0.9
"879",879,1,4,5,0,0.1,0.9
"880",880,2,4,4,0,0.1,0.9
"881",881,3,3,2,0,0.1,0.9
"882",882,6,4,2,0,0.1,0.9
"883",883,4,2,2,0,0.1,0.9
"884",884,5,3,2,0,0.1,0.9
"885",885,5,2,3,0,0.1,0.9
"886",886,7,4,4,0,0.1,0.9
"887",887,3,3,4,0,0.1,0.9
"888",888,7,5,4,0,0.1,0.9
"889",889,7,7,6,0,0.1,0.9
"890",890,2,2,1,0,0.1,0.9
"891",891,7,5,5,0,0.1,0.9
"892",892,1,1,1,0,0.1,0.9
"893",893,7,4,3,0,0.1,0.9
"894",894,7,5,4,0,0.1,0.9
"895",895,7,5,6,0,0.1,0.9
"896",896,3,6,7,0,0.1,0.9
"897",897,3,6,7,0,0.1,0.9
"898",898,3,1,2,0,0.1,0.9
"899",899,2,2,3,0,0.1,0.9
"900",900,1,1,1,0,0.1,0.9
"901",901,7,7,7,0,0.1,0.9
"902",902,5,5,5,0,0.1,0.9
"903",903,4,2,3,0,0.1,0.9
"904",904,6,8,8,0,0.1,0.9
"905",905,1,4,4,0,0.1,0.9
"906",906,1,1,2,0,0.1,0.9
"907",907,3,6,7,0,0.1,0.9
"908",908,8,5,3,0,0.1,0.9
"909",909,1,3,4,0,0.1,0.9
"910",910,6,3,1,0,0.1,0.9
"911",911,3,1,1,0,0.1,0.9
"912",912,2,4,5,0,0.1,0.9
"913",913,7,4,4,0,0.1,0.9
"914",914,1,3,2,0,0.1,0.9
"915",915,4,4,4,0,0.1,0.9
"916",916,4,2,3,0,0.1,0.9
"917",917,3,1,2,0,0.1,0.9
"918",918,4,2,3,0,0.1,0.9
"919",919,6,6,5,0,0.1,0.9
"920",920,6,6,4,0,0.1,0.9
"921",921,2,5,4,0,0.1,0.9
"922",922,1,4,2,0,0.1,0.9
"923",923,2,4,5,0,0.1,0.9
"924",924,5,8,8,0,0.1,0.9
"925",925,8,6,7,0,0.1,0.9
"926",926,4,4,5,0,0.1,0.9
"927",927,3,5,6,0,0.1,0.9
"928",928,7,5,6,0,0.1,0.9
"929",929,4,1,2,0,0.1,0.9
"930",930,3,3,3,0,0.1,0.9
"931",931,8,5,4,0,0.1,0.9
"932",932,7,5,5,0,0.1,0.9
"933",933,3,6,5,0,0.1,0.9
"934",934,2,4,3,0,0.1,0.9
"935",935,6,4,4,0,0.1,0.9
"936",936,1,3,4,0,0.1,0.9
"937",937,1,1,2,0,0.1,0.9
"938",938,2,4,5,0,0.1,0.9
"939",939,7,4,6,0,0.1,0.9
"940",940,1,1,1,0,0.1,0.9
"941",941,3,6,6,0,0.1,0.9
"942",942,6,3,3,0,0.1,0.9
"943",943,4,4,1,0,0.1,0.9
"944",944,1,4,5,0,0.1,0.9
"945",945,4,2,2,0,0.1,0.9
"946",946,6,3,2,0,0.1,0.9
"947",947,2,5,4,0,0.1,0.9
"948",948,4,7,7,0,0.1,0.9
"949",949,8,5,8,0,0.1,0.9
"950",950,6,8,6,0,0.1,0.9
"951",951,3,6,5,0,0.1,0.9
"952",952,7,7,8,0,0.1,0.9
"953",953,5,7,6,0,0.1,0.9
"954",954,8,5,5,0,0.1,0.9
"955",955,2,2,2,0,0.1,0.9
"956",956,7,5,6,0,0.1,0.9
"957",957,4,4,5,0,0.1,0.9
"958",958,5,7,5,0,0.1,0.9
"959",959,2,4,5,0,0.1,0.9
"960",960,3,5,5,0,0.1,0.9
"961",961,1,1,1,0,0.1,0.9
"962",962,1,3,5,0,0.1,0.9
"963",963,7,7,5,0,0.1,0.9
"964",964,8,6,5,0,0.1,0.9
"965",965,3,5,3,0,0.1,0.9
"966",966,8,6,8,0,0.1,0.9
"967",967,6,8,7,0,0.1,0.9
"968",968,6,3,3,0,0.1,0.9
"969",969,5,8,8,0,0.1,0.9
"970",970,1,3,3,0,0.1,0.9
"971",971,4,1,2,0,0.1,0.9
"972",972,5,2,2,0,0.1,0.9
"973",973,7,5,7,0,0.1,0.9
"974",974,6,8,8,0,0.1,0.9
"975",975,4,1,1,0,0.1,0.9
"976",976,5,5,7,0,0.1,0.9
"977",977,2,2,2,0,0.1,0.9
"978",978,5,3,3,0,0.1,0.9
"979",979,1,1,2,0,0.1,0.9
"980",980,8,5,7,0,0.1,0.9
"981",981,2,5,5,0,0.1,0.9
"982",982,1,4,2,0,0.1,0.9
"983",983,1,3,1,0,0.1,0.9
"984",984,3,3,3,0,0.1,0.9
"985",985,6,6,7,0,0.1,0.9
"986",986,2,2,2,0,0.1,0.9
"987",987,2,4,3,0,0.1,0.9
"988",988,6,3,5,0,0.1,0.9
"989",989,2,5,4,0,0.1,0.9
"990",990,5,7,5,0,0.1,0.9
"991",991,6,4,5,0,0.1,0.9
"992",992,7,4,5,0,0.1,0.9
"993",993,3,3,4,0,0.1,0.9
"994",994,6,8,7,0,0.1,0.9
"995",995,8,8,8,0,0.1,0.9
"996",996,5,3,4,0,0.1,0.9
"997",997,4,4,3,0,0.1,0.9
"998",998,2,2,3,0,0.1,0.9
"999",999,5,3,3,0,0.1,0.9
"1000",1000,1,1,1,0,0.1,0.9
"1001",1001,6,8,8,0,0.1,0.9
"1002",1002,3,6,5,0,0.1,0.9
"1003",1003,8,8,8,0,0.1,0.9
"1004",1004,6,6,6,0,0.1,0.9
"1005",1005,7,5,3,0,0.1,0.9
"1006",1006,3,6,6,0,0.1,0.9
"1007",1007,8,8,6,0,0.1,0.9
"1008",1008,3,3,1,0,0.1,0.9
"1009",1009,1,1,1,0,0.1,0.9
"1010",1010,5,3,5,0,0.1,0.9
"1011",1011,2,2,2,0,0.1,0.9
"1012",1012,1,1,3,0,0.1,0.9
"1013",1013,8,8,7,0,0.1,0.9
"1014",1014,5,8,7,0,0.1,0.9
"1015",1015,5,2,3,0,0.1,0.9
"1016",1016,7,4,4,0,0.1,0.9
"1017",1017,3,3,3,0,0.1,0.9
"1018",1018,1,4,6,0,0.1,0.9
"1019",1019,7,5,6,0,0.1,0.9
"1020",1020,3,1,2,0,0.1,0.9
"1021",1021,1,3,3,0,0.1,0.9
"1022",1022,8,6,5,0,0.1,0.9
"1023",1023,5,8,8,0,0.1,0.9
"1024",1024,8,6,8,0,0.1,0.9
"1025",1025,6,6,7,0,0.1,0.9
"1026",1026,8,6,7,0,0.1,0.9
"1027",1027,7,5,2,0,0.1,0.9
"1028",1028,6,6,5,0,0.1,0.9
"1029",1029,1,1,2,0,0.1,0.9
"1030",1030,1,4,4,0,0.1,0.9
"1031",1031,6,6,7,0,0.1,0.9
"1032",1032,6,4,6,0,0.1,0.9
"1033",1033,1,3,3,0,0.1,0.9
"1034",1034,1,1,2,0,0.1,0.9
"1035",1035,7,7,7,0,0.1,0.9
"1036",1036,7,4,6,0,0.1,0.9
"1037",1037,4,7,7,0,0.1,0.9
"1038",1038,2,2,2,0,0.1,0.9
"1039",1039,3,6,6,0,0.1,0.9
"1040",1040,2,4,4,0,0.1,0.9
"1041",1041,5,5,6,0,0.1,0.9
"1042",1042,1,4,3,0,0.1,0.9
"1043",1043,2,4,5,0,0.1,0.9
"1044",1044,1,4,4,0,0.1,0.9
"1045",1045,1,1,3,0,0.1,0.9
"1046",1046,7,5,3,0,0.1,0.9
"1047",1047,6,6,6,0,0.1,0.9
"1048",1048,8,8,8,0,0.1,0.9
"1049",1049,4,2,3,0,0.1,0.9
"1050",1050,8,6,6,0,0.1,0.9
"1051",1051,3,5,5,0,0.1,0.9
"1052",1052,4,6,8,0,0.1,0.9
"1053",1053,2,2,1,0,0.1,0.9
"1054",1054,2,4,4,0,0.1,0.9
"1055",1055,4,1,2,0,0.1,0.9
"1056",1056,2,2,3,0,0.1,0.9
"1057",1057,6,8,8,0,0.1,0.9
"1058",1058,4,1,1,0,0.1,0.9
"1059",1059,3,1,1,0,0.1,0.9
"1060",1060,7,4,4,0,0.1,0.9
"1061",1061,8,6,6,0,0.1,0.9
"1062",1062,5,3,3,0,0.1,0.9
"1063",1063,7,4,4,0,0.1,0.9
"1064",1064,7,7,7,0,0.1,0.9
"1065",1065,2,4,4,0,0.1,0.9
"1066",1066,3,1,1,0,0.1,0.9
"1067",1067,4,1,2,0,0.1,0.9
"1068",1068,6,8,8,0,0.1,0.9
"1069",1069,2,4,3,0,0.1,0.9
"1070",1070,4,7,7,0,0.1,0.9
"1071",1071,4,1,2,0,0.1,0.9
"1072",1072,6,8,8,0,0.1,0.9
"1073",1073,6,4,5,0,0.1,0.9
"1074",1074,4,4,4,0,0.1,0.9
"1075",1075,6,4,3,0,0.1,0.9
"1076",1076,6,6,4,0,0.1,0.9
"1077",1077,2,4,4,0,0.1,0.9
"1078",1078,8,6,6,0,0.1,0.9
"1079",1079,7,7,5,0,0.1,0.9
"1080",1080,6,4,5,0,0.1,0.9
"1081",1081,1,1,2,0,0.1,0.9
"1082",1082,4,7,4,0,0.1,0.9
"1083",1083,6,4,8,0,0.1,0.9
"1084",1084,3,1,2,0,0.1,0.9
"1085",1085,6,4,5,0,0.1,0.9
"1086",1086,4,6,6,0,0.1,0.9
"1087",1087,2,2,1,0,0.1,0.9
"1088",1088,5,7,7,0,0.1,0.9
"1089",1089,4,6,5,0,0.1,0.9
"1090",1090,8,6,5,0,0.1,0.9
"1091",1091,5,2,2,0,0.1,0.9
"1092",1092,8,6,7,0,0.1,0.9
"1093",1093,8,8,8,0,0.1,0.9
"1094",1094,1,3,2,0,0.1,0.9
"1095",1095,2,5,3,0,0.1,0.9
"1096",1096,4,1,1,0,0.1,0.9
"1097",1097,6,4,4,0,0.1,0.9
"1098",1098,7,4,7,0,0.1,0.9
"1099",1099,4,7,5,0,0.1,0.9
"1100",1100,3,6,4,0,0.1,0.9
"1101",1101,5,2,1,0,0.1,0.9
"1102",1102,1,3,4,0,0.1,0.9
"1103",1103,4,1,2,0,0.1,0.9
"1104",1104,5,8,7,0,0.1,0.9
"1105",1105,3,1,1,0,0.1,0.9
"1106",1106,6,6,6,0,0.1,0.9
"1107",1107,1,3,2,0,0.1,0.9
"1108",1108,4,2,3,0,0.1,0.9
"1109",1109,4,2,2,0,0.1,0.9
"1110",1110,8,5,5,0,0.1,0.9
"1111",1111,4,6,5,0,0.1,0.9
"1112",1112,3,6,6,0,0.1,0.9
"1113",1113,6,4,7,0,0.1,0.9
"1114",1114,3,5,5,0,0.1,0.9
"1115",1115,3,6,6,0,0.1,0.9
"1116",1116,3,5,2,0,0.1,0.9
"1117",1117,4,4,3,0,0.1,0.9
"1118",1118,2,2,2,0,0.1,0.9
"1119",1119,8,8,6,0,0.1,0.9
"1120",1120,1,4,4,0,0.1,0.9
"1121",1121,5,7,7,0,0.1,0.9
"1122",1122,7,7,6,0,0.1,0.9
"1123",1123,1,4,2,0,0.1,0.9
"1124",1124,3,3,4,0,0.1,0.9
"1125",1125,8,6,6,0,0.1,0.9
"1126",1126,8,8,7,0,0.1,0.9
"1127",1127,8,6,6,0,0.1,0.9
"1128",1128,6,4,5,0,0.1,0.9
"1129",1129,6,8,8,0,0.1,0.9
"1130",1130,8,8,6,0,0.1,0.9
"1131",1131,7,7,8,0,0.1,0.9
"1132",1132,6,6,5,0,0.1,0.9
"1133",1133,4,4,3,0,0.1,0.9
"1134",1134,3,1,2,0,0.1,0.9
"1135",1135,7,5,6,0,0.1,0.9
"1136",1136,1,4,6,0,0.1,0.9
"1137",1137,7,4,4,0,0.1,0.9
"1138",1138,5,3,6,0,0.1,0.9
"1139",1139,5,3,3,0,0.1,0.9
"1140",1140,3,1,1,0,0.1,0.9
"1141",1141,3,1,1,0,0.1,0.9
"1142",1142,8,6,6,0,0.1,0.9
"1143",1143,5,3,5,0,0.1,0.9
"1144",1144,4,6,5,0,0.1,0.9
"1145",1145,8,5,7,0,0.1,0.9
"1146",1146,5,7,6,0,0.1,0.9
"1147",1147,6,6,7,0,0.1,0.9
"1148",1148,3,1,1,0,0.1,0.9
"1149",1149,7,5,4,0,0.1,0.9
"1150",1150,2,4,2,0,0.1,0.9
"1151",1151,7,7,8,0,0.1,0.9
"1152",1152,2,4,5,0,0.1,0.9
"1153",1153,8,8,7,0,0.1,0.9
"1154",1154,4,7,7,0,0.1,0.9
"1155",1155,5,5,4,0,0.1,0.9
"1156",1156,8,8,8,0,0.1,0.9
"1157",1157,2,5,3,0,0.1,0.9
"1158",1158,1,1,1,0,0.1,0.9
"1159",1159,2,4,5,0,0.1,0.9
"1160",1160,5,3,5,0,0.1,0.9
"1161",1161,8,5,5,0,0.1,0.9
"1162",1162,2,4,4,0,0.1,0.9
"1163",1163,5,5,4,0,0.1,0.9
"1164",1164,5,3,4,0,0.1,0.9
"1165",1165,7,7,7,0,0.1,0.9
"1166",1166,7,7,8,0,0.1,0.9
"1167",1167,2,5,4,0,0.1,0.9
"1168",1168,7,7,6,0,0.1,0.9
"1169",1169,4,2,2,0,0.1,0.9
"1170",1170,4,7,6,0,0.1,0.9
"1171",1171,3,6,6,0,0.1,0.9
"1172",1172,4,1,2,0,0.1,0.9
"1173",1173,1,4,5,0,0.1,0.9
"1174",1174,2,2,2,0,0.1,0.9
"1175",1175,8,5,3,0,0.1,0.9
"1176",1176,6,4,5,0,0.1,0.9
"1177",1177,2,2,4,0,0.1,0.9
"1178",1178,8,5,6,0,0.1,0.9
"1179",1179,7,7,6,0,0.1,0.9
"1180",1180,6,6,5,0,0.1,0.9
"1181",1181,3,5,6,0,0.1,0.9
"1182",1182,7,7,7,0,0.1,0.9
"1183",1183,3,3,4,0,0.1,0.9
"1184",1184,3,3,3,0,0.1,0.9
"1185",1185,7,4,5,0,0.1,0.9
"1186",1186,2,5,4,0,0.1,0.9
"1187",1187,4,1,1,0,0.1,0.9
"1188",1188,8,8,8,0,0.1,0.9
"1189",1189,6,3,4,0,0.1,0.9
"1190",1190,2,2,3,0,0.1,0.9
"1191",1191,6,6,4,0,0.1,0.9
"1192",1192,3,6,4,0,0.1,0.9
"1193",1193,6,4,3,0,0.1,0.9
"1194",1194,4,2,3,0,0.1,0.9
"1195",1195,7,5,4,0,0.1,0.9
"1196",1196,7,7,6,0,0.1,0.9
"1197",1197,2,5,5,0,0.1,0.9
"1198",1198,3,1,1,0,0.1,0.9
"1199",1199,6,8,7,0,0.1,0.9
"1200",1200,7,7,6,0,0.1,0.9
"1201",1201,5,7,7,0,0.1,0.9
"1202",1202,5,3,2,0,0.1,0.9
"1203",1203,7,5,7,0,0.1,0.9
"1204",1204,6,3,4,0,0.1,0.9
"1205",1205,3,6,6,0,0.1,0.9
"1206",1206,2,4,4,0,0.1,0.9
"1207",1207,1,3,4,0,0.1,0.9
"1208",1208,6,3,2,0,0.1,0.9
"1209",1209,1,4,6,0,0.1,0.9
"1210",1210,1,3,4,0,0.1,0.9
"1211",1211,2,2,4,0,0.1,0.9
"1212",1212,2,5,5,0,0.1,0.9
"1213",1213,6,6,6,0,0.1,0.9
"1214",1214,6,4,6,0,0.1,0.9
"1215",1215,1,4,5,0,0.1,0.9
"1216",1216,7,7,4,0,0.1,0.9
"1217",1217,7,7,7,0,0.1,0.9
"1218",1218,4,1,2,0,0.1,0.9
"1219",1219,8,6,7,0,0.1,0.9
"1220",1220,6,3,4,0,0.1,0.9
"1221",1221,6,3,3,0,0.1,0.9
"1222",1222,1,1,1,0,0.1,0.9
"1223",1223,3,1,1,0,0.1,0.9
"1224",1224,4,6,5,0,0.1,0.9
"1225",1225,4,2,1,0,0.1,0.9
"1226",1226,2,2,1,0,0.1,0.9
"1227",1227,4,2,1,0,0.1,0.9
"1228",1228,7,4,4,0,0.1,0.9
"1229",1229,4,6,5,0,0.1,0.9
"1230",1230,1,4,2,0,0.1,0.9
"1231",1231,6,8,7,0,0.1,0.9
"1232",1232,1,4,3,0,0.1,0.9
"1233",1233,4,7,5,0,0.1,0.9
"1234",1234,8,8,8,0,0.1,0.9
"1235",1235,2,4,4,0,0.1,0.9
"1236",1236,4,2,3,0,0.1,0.9
"1237",1237,8,5,5,0,0.1,0.9
"1238",1238,8,6,7,0,0.1,0.9
"1239",1239,1,1,1,0,0.1,0.9
"1240",1240,2,2,4,0,0.1,0.9
"1241",1241,1,1,2,0,0.1,0.9
"1242",1242,4,7,4,0,0.1,0.9
"1243",1243,6,6,5,0,0.1,0.9
"1244",1244,2,2,6,0,0.1,0.9
"1245",1245,8,8,8,0,0.1,0.9
"1246",1246,3,1,1,0,0.1,0.9
"1247",1247,4,6,6,0,0.1,0.9
"1248",1248,1,1,2,0,0.1,0.9
"1249",1249,8,8,6,0,0.1,0.9
"1250",1250,8,8,6,0,0.1,0.9
"1251",1251,1,3,3,0,0.1,0.9
"1252",1252,3,1,3,0,0.1,0.9
"1253",1253,3,6,6,0,0.1,0.9
"1254",1254,8,5,3,0,0.1,0.9
"1255",1255,3,1,3,0,0.1,0.9
"1256",1256,5,7,7,0,0.1,0.9
"1257",1257,3,5,5,0,0.1,0.9
"1258",1258,7,7,6,0,0.1,0.9
"1259",1259,7,7,7,0,0.1,0.9
"1260",1260,6,3,2,0,0.1,0.9
"1261",1261,3,1,1,0,0.1,0.9
"1262",1262,6,4,4,0,0.1,0.9
"1263",1263,2,4,3,0,0.1,0.9
"1264",1264,4,1,2,0,0.1,0.9
"1265",1265,7,7,8,0,0.1,0.9
"1266",1266,2,5,5,0,0.1,0.9
"1267",1267,1,4,3,0,0.1,0.9
"1268",1268,5,5,2,0,0.1,0.9
"1269",1269,3,5,6,0,0.1,0.9
"1270",1270,1,4,4,0,0.1,0.9
"1271",1271,4,4,3,0,0.1,0.9
"1272",1272,7,4,5,0,0.1,0.9
"1273",1273,7,7,6,0,0.1,0.9
"1274",1274,2,5,5,0,0.1,0.9
"1275",1275,8,8,7,0,0.1,0.9
"1276",1276,5,2,4,0,0.1,0.9
"1277",1277,7,5,6,0,0.1,0.9
"1278",1278,1,1,2,0,0.1,0.9
"1279",1279,6,3,4,0,0.1,0.9
"1280",1280,2,5,4,0,0.1,0.9
"1281",1281,3,3,1,0,0.1,0.9
"1282",1282,6,3,4,0,0.1,0.9
"1283",1283,3,6,6,0,0.1,0.9
"1284",1284,7,7,5,0,0.1,0.9
"1285",1285,5,2,2,0,0.1,0.9
"1286",1286,1,4,1,0,0.1,0.9
"1287",1287,5,7,6,0,0.1,0.9
"1288",1288,8,5,4,0,0.1,0.9
"1289",1289,7,4,7,0,0.1,0.9
"1290",1290,2,4,5,0,0.1,0.9
"1291",1291,5,7,6,0,0.1,0.9
"1292",1292,3,3,3,0,0.1,0.9
"1293",1293,8,5,4,0,0.1,0.9
"1294",1294,1,4,2,0,0.1,0.9
"1295",1295,5,5,4,0,0.1,0.9
"1296",1296,7,7,8,0,0.1,0.9
"1297",1297,4,4,4,0,0.1,0.9
"1298",1298,8,6,6,0,0.1,0.9
"1299",1299,6,8,8,0,0.1,0.9
"1300",1300,1,4,5,0,0.1,0.9
"1301",1301,3,5,2,0,0.1,0.9
"1302",1302,5,2,5,0,0.1,0.9
"1303",1303,3,3,3,0,0.1,0.9
"1304",1304,2,5,4,0,0.1,0.9
"1305",1305,3,5,5,0,0.1,0.9
"1306",1306,7,5,6,0,0.1,0.9
"1307",1307,6,4,3,0,0.1,0.9
"1308",1308,2,2,3,0,0.1,0.9
"1309",1309,3,6,3,0,0.1,0.9
"1310",1310,5,3,4,0,0.1,0.9
"1311",1311,2,4,4,0,0.1,0.9
"1312",1312,1,4,2,0,0.1,0.9
"1313",1313,2,4,4,0,0.1,0.9
"1314",1314,2,5,4,0,0.1,0.9
"1315",1315,1,3,4,0,0.1,0.9
"1316",1316,5,2,3,0,0.1,0.9
"1317",1317,3,3,2,0,0.1,0.9
"1318",1318,4,4,4,0,0.1,0.9
"1319",1319,4,2,2,0,0.1,0.9
"1320",1320,6,3,3,0,0.1,0.9
"1321",1321,5,3,5,0,0.1,0.9
"1322",1322,6,4,2,0,0.1,0.9
"1323",1323,4,4,6,0,0.1,0.9
"1324",1324,8,5,4,0,0.1,0.9
"1325",1325,8,6,4,0,0.1,0.9
"1326",1326,7,5,4,0,0.1,0.9
"1327",1327,3,6,6,0,0.1,0.9
"1328",1328,4,7,6,0,0.1,0.9
"1329",1329,1,4,3,0,0.1,0.9
"1330",1330,1,4,4,0,0.1,0.9
"1331",1331,4,2,2,0,0.1,0.9
"1332",1332,4,6,4,0,0.1,0.9
"1333",1333,2,5,3,0,0.1,0.9
"1334",1334,3,1,1,0,0.1,0.9
"1335",1335,1,3,5,0,0.1,0.9
"1336",1336,3,6,3,0,0.1,0.9
"1337",1337,1,1,3,0,0.1,0.9
"1338",1338,5,3,6,0,0.1,0.9
"1339",1339,5,5,4,0,0.1,0.9
"1340",1340,2,4,6,0,0.1,0.9
"1341",1341,4,1,2,0,0.1,0.9
"1342",1342,1,3,3,0,0.1,0.9
"1343",1343,1,3,3,0,0.1,0.9
"1344",1344,8,8,7,0,0.1,0.9
"1345",1345,3,6,7,0,0.1,0.9
"1346",1346,7,5,7,0,0.1,0.9
"1347",1347,1,4,4,0,0.1,0.9
"1348",1348,5,5,6,0,0.1,0.9
"1349",1349,6,6,8,0,0.1,0.9
"1350",1350,6,3,4,0,0.1,0.9
"1351",1351,8,6,5,0,0.1,0.9
"1352",1352,1,4,6,0,0.1,0.9
"1353",1353,5,8,8,0,0.1,0.9
"1354",1354,1,4,2,0,0.1,0.9
"1355",1355,7,5,5,0,0.1,0.9
"1356",1356,3,1,2,0,0.1,0.9
"1357",1357,7,4,3,0,0.1,0.9
"1358",1358,7,4,2,0,0.1,0.9
"1359",1359,7,4,3,0,0.1,0.9
"1360",1360,2,5,6,0,0.1,0.9
"1361",1361,3,6,5,0,0.1,0.9
"1362",1362,5,7,7,0,0.1,0.9
"1363",1363,3,3,4,0,0.1,0.9
"1364",1364,6,4,2,0,0.1,0.9
"1365",1365,4,4,2,0,0.1,0.9
"1366",1366,2,4,3,0,0.1,0.9
"1367",1367,1,1,1,0,0.1,0.9
"1368",1368,6,4,5,0,0.1,0.9
"1369",1369,4,2,2,0,0.1,0.9
"1370",1370,5,2,4,0,0.1,0.9
"1371",1371,1,1,2,0,0.1,0.9
"1372",1372,7,4,6,0,0.1,0.9
"1373",1373,1,3,3,0,0.1,0.9
"1374",1374,6,4,5,0,0.1,0.9
"1375",1375,6,8,7,0,0.1,0.9
"1376",1376,2,2,3,0,0.1,0.9
"1377",1377,2,4,4,0,0.1,0.9
"1378",1378,7,5,7,0,0.1,0.9
"1379",1379,6,4,4,0,0.1,0.9
"1380",1380,6,8,8,0,0.1,0.9
"1381",1381,4,6,4,0,0.1,0.9
"1382",1382,3,1,1,0,0.1,0.9
"1383",1383,6,8,7,0,0.1,0.9
"1384",1384,2,4,5,0,0.1,0.9
"1385",1385,1,4,3,0,0.1,0.9
"1386",1386,2,5,7,0,0.1,0.9
"1387",1387,5,3,1,0,0.1,0.9
"1388",1388,2,2,4,0,0.1,0.9
"1389",1389,7,5,5,0,0.1,0.9
"1390",1390,5,8,7,0,0.1,0.9
"1391",1391,4,1,3,0,0.1,0.9
"1392",1392,2,2,3,0,0.1,0.9
"1393",1393,4,1,2,0,0.1,0.9
"1394",1394,8,8,7,0,0.1,0.9
"1395",1395,6,3,3,0,0.1,0.9
"1396",1396,5,5,4,0,0.1,0.9
"1397",1397,7,4,6,0,0.1,0.9
"1398",1398,3,1,1,0,0.1,0.9
"1399",1399,3,1,3,0,0.1,0.9
"1400",1400,1,1,3,0,0.1,0.9
"1401",1401,3,1,1,0,0.1,0.9
"1402",1402,5,3,2,0,0.1,0.9
"1403",1403,4,1,2,0,0.1,0.9
"1404",1404,8,6,5,0,0.1,0.9
"1405",1405,5,3,1,0,0.1,0.9
"1406",1406,8,5,7,0,0.1,0.9
"1407",1407,6,3,3,0,0.1,0.9
"1408",1408,8,5,4,0,0.1,0.9
"1409",1409,7,4,2,0,0.1,0.9
"1410",1410,6,3,4,0,0.1,0.9
"1411",1411,3,5,6,0,0.1,0.9
"1412",1412,3,5,3,0,0.1,0.9
"1413",1413,5,2,1,0,0.1,0.9
"1414",1414,6,3,3,0,0.1,0.9
"1415",1415,2,4,4,0,0.1,0.9
"1416",1416,6,3,3,0,0.1,0.9
"1417",1417,1,1,2,0,0.1,0.9
"1418",1418,1,4,3,0,0.1,0.9
"1419",1419,4,4,6,0,0.1,0.9
"1420",1420,1,1,1,0,0.1,0.9
"1421",1421,7,5,3,0,0.1,0.9
"1422",1422,3,6,4,0,0.1,0.9
"1423",1423,6,6,6,0,0.1,0.9
"1424",1424,5,3,3,0,0.1,0.9
"1425",1425,1,4,2,0,0.1,0.9
"1426",1426,1,1,2,0,0.1,0.9
"1427",1427,4,7,7,0,0.1,0.9
"1428",1428,1,3,4,0,0.1,0.9
"1429",1429,1,4,4,0,0.1,0.9
"1430",1430,4,6,6,0,0.1,0.9
"1431",1431,7,4,2,0,0.1,0.9
"1432",1432,6,6,8,0,0.1,0.9
"1433",1433,5,3,2,0,0.1,0.9
"1434",1434,1,1,3,0,0.1,0.9
"1435",1435,6,3,4,0,0.1,0.9
"1436",1436,5,7,7,0,0.1,0.9
"1437",1437,5,8,6,0,0.1,0.9
"1438",1438,5,3,6,0,0.1,0.9
"1439",1439,8,8,8,0,0.1,0.9
"1440",1440,6,8,5,0,0.1,0.9
"1441",1441,8,5,7,0,0.1,0.9
"1442",1442,1,3,2,0,0.1,0.9
"1443",1443,8,6,6,0,0.1,0.9
"1444",1444,2,4,2,0,0.1,0.9
"1445",1445,2,4,5,0,0.1,0.9
"1446",1446,6,3,6,0,0.1,0.9
"1447",1447,4,4,3,0,0.1,0.9
"1448",1448,1,3,5,0,0.1,0.9
"1449",1449,5,7,7,0,0.1,0.9
"1450",1450,1,4,4,0,0.1,0.9
"1451",1451,6,8,6,0,0.1,0.9
"1452",1452,6,6,6,0,0.1,0.9
"1453",1453,5,3,4,0,0.1,0.9
"1454",1454,8,5,4,0,0.1,0.9
"1455",1455,1,4,5,0,0.1,0.9
"1456",1456,3,6,3,0,0.1,0.9
"1457",1457,7,7,7,0,0.1,0.9
"1458",1458,3,6,7,0,0.1,0.9
"1459",1459,2,5,6,0,0.1,0.9
"1460",1460,2,5,5,0,0.1,0.9
"1461",1461,1,1,2,0,0.1,0.9
"1462",1462,4,1,2,0,0.1,0.9
"1463",1463,7,4,5,0,0.1,0.9
"1464",1464,2,4,2,0,0.1,0.9
"1465",1465,7,4,3,0,0.1,0.9
"1466",1466,6,8,7,0,0.1,0.9
"1467",1467,2,5,6,0,0.1,0.9
"1468",1468,4,2,5,0,0.1,0.9
"1469",1469,2,5,5,0,0.1,0.9
"1470",1470,6,6,6,0,0.1,0.9
"1471",1471,4,6,5,0,0.1,0.9
"1472",1472,8,6,8,0,0.1,0.9
"1473",1473,8,6,4,0,0.1,0.9
"1474",1474,5,3,2,0,0.1,0.9
"1475",1475,8,5,4,0,0.1,0.9
"1476",1476,1,1,1,0,0.1,0.9
"1477",1477,8,5,7,0,0.1,0.9
"1478",1478,2,5,5,0,0.1,0.9
"1479",1479,8,6,5,0,0.1,0.9
"1480",1480,8,8,5,0,0.1,0.9
"1481",1481,8,8,8,0,0.1,0.9
"1482",1482,6,4,2,0,0.1,0.9
"1483",1483,8,5,6,0,0.1,0.9
"1484",1484,3,6,3,0,0.1,0.9
"1485",1485,7,4,5,0,0.1,0.9
"1486",1486,5,3,4,0,0.1,0.9
"1487",1487,6,3,2,0,0.1,0.9
"1488",1488,1,1,1,0,0.1,0.9
"1489",1489,5,8,7,0,0.1,0.9
"1490",1490,6,6,7,0,0.1,0.9
"1491",1491,6,3,5,0,0.1,0.9
"1492",1492,5,7,6,0,0.1,0.9
"1493",1493,4,4,5,0,0.1,0.9
"1494",1494,8,6,5,0,0.1,0.9
"1495",1495,6,3,4,0,0.1,0.9
"1496",1496,8,5,5,0,0.1,0.9
"1497",1497,1,1,2,0,0.1,0.9
"1498",1498,8,6,5,0,0.1,0.9
"1499",1499,7,7,5,0,0.1,0.9
"1500",1500,6,8,7,0,0.1,0.9
"1501",1501,5,3,5,0,0.1,0.9
"1502",1502,6,4,4,0,0.1,0.9
"1503",1503,7,5,5,0,0.1,0.9
"1504",1504,5,8,7,0,0.1,0.9
"1505",1505,1,1,2,0,0.1,0.9
"1506",1506,2,5,8,0,0.1,0.9
"1507",1507,4,6,6,0,0.1,0.9
"1508",1508,8,6,3,0,0.1,0.9
"1509",1509,4,4,4,0,0.1,0.9
"1510",1510,8,8,8,0,0.1,0.9
"1511",1511,6,4,4,0,0.1,0.9
"1512",1512,5,7,5,0,0.1,0.9
"1513",1513,4,2,3,0,0.1,0.9
"1514",1514,2,4,5,0,0.1,0.9
"1515",1515,6,4,5,0,0.1,0.9
"1516",1516,5,5,5,0,0.1,0.9
"1517",1517,1,3,4,0,0.1,0.9
"1518",1518,7,7,5,0,0.1,0.9
"1519",1519,2,5,4,0,0.1,0.9
"1520",1520,4,4,5,0,0.1,0.9
"1521",1521,5,8,6,0,0.1,0.9
"1522",1522,2,2,1,0,0.1,0.9
"1523",1523,4,6,8,0,0.1,0.9
"1524",1524,3,1,1,0,0.1,0.9
"1525",1525,7,5,6,0,0.1,0.9
"1526",1526,2,5,3,0,0.1,0.9
"1527",1527,5,7,6,0,0.1,0.9
"1528",1528,2,5,6,0,0.1,0.9
"1529",1529,4,2,1,0,0.1,0.9
"1530",1530,4,7,5,0,0.1,0.9
"1531",1531,3,3,2,0,0.1,0.9
"1532",1532,5,2,1,0,0.1,0.9
"1533",1533,4,4,4,0,0.1,0.9
"1534",1534,6,4,4,0,0.1,0.9
"1535",1535,4,6,7,0,0.1,0.9
"1536",1536,5,3,5,0,0.1,0.9
"1537",1537,3,6,6,0,0.1,0.9
"1538",1538,8,8,7,0,0.1,0.9
"1539",1539,1,3,3,0,0.1,0.9
"1540",1540,6,6,8,0,0.1,0.9
"1541",1541,2,4,5,0,0.1,0.9
"1542",1542,4,4,6,0,0.1,0.9
"1543",1543,5,3,5,0,0.1,0.9
"1544",1544,8,6,6,0,0.1,0.9
"1545",1545,5,8,8,0,0.1,0.9
"1546",1546,3,5,3,0,0.1,0.9
"1547",1547,4,7,7,0,0.1,0.9
"1548",1548,2,4,4,0,0.1,0.9
"1549",1549,1,1,2,0,0.1,0.9
"1550",1550,8,5,6,0,0.1,0.9
"1551",1551,3,5,3,0,0.1,0.9
"1552",1552,1,1,2,0,0.1,0.9
"1553",1553,7,5,6,0,0.1,0.9
"1554",1554,4,6,7,0,0.1,0.9
"1555",1555,6,3,2,0,0.1,0.9
"1556",1556,7,7,6,0,0.1,0.9
"1557",1557,5,7,6,0,0.1,0.9
"1558",1558,5,8,7,0,0.1,0.9
"1559",1559,7,7,6,0,0.1,0.9
"1560",1560,6,4,4,0,0.1,0.9
"1561",1561,2,4,7,0,0.1,0.9
"1562",1562,4,1,1,0,0.1,0.9
"1563",1563,3,5,4,0,0.1,0.9
"1564",1564,6,6,6,0,0.1,0.9
"1565",1565,4,2,2,0,0.1,0.9
"1566",1566,8,6,6,0,0.1,0.9
"1567",1567,8,8,8,0,0.1,0.9
"1568",1568,5,3,3,0,0.1,0.9
"1569",1569,8,5,7,0,0.1,0.9
"1570",1570,2,5,4,0,0.1,0.9
"1571",1571,6,6,6,0,0.1,0.9
"1572",1572,2,4,5,0,0.1,0.9
"1573",1573,2,5,4,0,0.1,0.9
"1574",1574,1,3,3,0,0.1,0.9
"1575",1575,8,5,5,0,0.1,0.9
"1576",1576,1,1,4,0,0.1,0.9
"1577",1577,2,2,4,0,0.1,0.9
"1578",1578,1,3,3,0,0.1,0.9
"1579",1579,1,1,3,0,0.1,0.9
"1580",1580,1,3,6,0,0.1,0.9
"1581",1581,6,8,7,0,0.1,0.9
"1582",1582,7,5,5,0,0.1,0.9
"1583",1583,5,2,3,0,0.1,0.9
"1584",1584,3,6,5,0,0.1,0.9
"1585",1585,4,1,3,0,0.1,0.9
"1586",1586,3,5,3,0,0.1,0.9
"1587",1587,8,6,6,0,0.1,0.9
"1588",1588,2,5,3,0,0.1,0.9
"1589",1589,7,7,7,0,0.1,0.9
"1590",1590,1,1,1,0,0.1,0.9
"1591",1591,8,5,7,0,0.1,0.9
"1592",1592,5,7,6,0,0.1,0.9
"1593",1593,1,1,1,0,0.1,0.9
"1594",1594,1,1,2,0,0.1,0.9
"1595",1595,8,5,6,0,0.1,0.9
"1596",1596,8,8,8,0,0.1,0.9
"1597",1597,7,7,6,0,0.1,0.9
"1598",1598,5,5,4,0,0.1,0.9
"1599",1599,6,3,6,0,0.1,0.9
"1600",1600,8,5,6,0,0.1,0.9
"1601",1601,6,4,5,0,0.1,0.9
"1602",1602,4,2,3,0,0.1,0.9
"1603",1603,4,6,6,0,0.1,0.9
"1604",1604,4,4,4,0,0.1,0.9
"1605",1605,4,6,5,0,0.1,0.9
"1606",1606,1,1,2,0,0.1,0.9
"1607",1607,8,6,6,0,0.1,0.9
"1608",1608,7,4,2,0,0.1,0.9
"1609",1609,5,5,6,0,0.1,0.9
"1610",1610,2,5,5,0,0.1,0.9
"1611",1611,4,7,6,0,0.1,0.9
"1612",1612,4,7,8,0,0.1,0.9
"1613",1613,4,1,3,0,0.1,0.9
"1614",1614,6,8,6,0,0.1,0.9
"1615",1615,5,5,5,0,0.1,0.9
"1616",1616,3,5,5,0,0.1,0.9
"1617",1617,1,4,4,0,0.1,0.9
"1618",1618,7,4,3,0,0.1,0.9
"1619",1619,1,1,1,0,0.1,0.9
"1620",1620,6,6,8,0,0.1,0.9
"1621",1621,4,6,7,0,0.1,0.9
"1622",1622,7,5,5,0,0.1,0.9
"1623",1623,5,2,4,0,0.1,0.9
"1624",1624,4,2,3,0,0.1,0.9
"1625",1625,7,4,5,0,0.1,0.9
"1626",1626,6,6,7,0,0.1,0.9
"1627",1627,3,6,5,0,0.1,0.9
"1628",1628,8,5,5,0,0.1,0.9
"1629",1629,4,7,6,0,0.1,0.9
"1630",1630,6,3,5,0,0.1,0.9
"1631",1631,4,6,8,0,0.1,0.9
"1632",1632,1,4,1,0,0.1,0.9
"1633",1633,3,3,2,0,0.1,0.9
"1634",1634,8,8,7,0,0.1,0.9
"1635",1635,7,7,8,0,0.1,0.9
"1636",1636,3,6,4,0,0.1,0.9
"1637",1637,1,3,5,0,0.1,0.9
"1638",1638,2,4,5,0,0.1,0.9
"1639",1639,7,4,2,0,0.1,0.9
"1640",1640,4,7,6,0,0.1,0.9
"1641",1641,4,6,4,0,0.1,0.9
"1642",1642,5,5,7,0,0.1,0.9
"1643",1643,3,1,1,0,0.1,0.9
"1644",1644,5,3,3,0,0.1,0.9
"1645",1645,2,4,3,0,0.1,0.9
"1646",1646,3,1,2,0,0.1,0.9
"1647",1647,1,4,5,0,0.1,0.9
"1648",1648,5,5,5,0,0.1,0.9
"1649",1649,7,4,4,0,0.1,0.9
"1650",1650,8,5,4,0,0.1,0.9
"1651",1651,7,5,6,0,0.1,0.9
"1652",1652,6,6,5,0,0.1,0.9
"1653",1653,3,6,4,0,0.1,0.9
"1654",1654,8,8,8,0,0.1,0.9
"1655",1655,3,5,6,0,0.1,0.9
"1656",1656,6,4,5,0,0.1,0.9
"1657",1657,6,3,2,0,0.1,0.9
"1658",1658,8,5,5,0,0.1,0.9
"1659",1659,3,3,3,0,0.1,0.9
"1660",1660,7,5,6,0,0.1,0.9
"1661",1661,2,5,4,0,0.1,0.9
"1662",1662,2,2,4,0,0.1,0.9
"1663",1663,8,5,6,0,0.1,0.9
"1664",1664,8,5,7,0,0.1,0.9
"1665",1665,7,4,2,0,0.1,0.9
"1666",1666,4,7,8,0,0.1,0.9
"1667",1667,7,5,4,0,0.1,0.9
"1668",1668,2,5,3,0,0.1,0.9
"1669",1669,2,2,4,0,0.1,0.9
"1670",1670,7,4,6,0,0.1,0.9
"1671",1671,1,1,2,0,0.1,0.9
"1672",1672,5,2,4,0,0.1,0.9
"1673",1673,7,7,7,0,0.1,0.9
"1674",1674,8,6,6,0,0.1,0.9
"1675",1675,5,5,7,0,0.1,0.9
"1676",1676,7,5,4,0,0.1,0.9
"1677",1677,7,7,7,0,0.1,0.9
"1678",1678,7,7,6,0,0.1,0.9
"1679",1679,3,3,3,0,0.1,0.9
"1680",1680,7,4,6,0,0.1,0.9
"1681",1681,3,1,3,0,0.1,0.9
"1682",1682,5,5,6,0,0.1,0.9
"1683",1683,7,7,6,0,0.1,0.9
"1684",1684,8,5,6,0,0.1,0.9
"1685",1685,7,5,5,0,0.1,0.9
"1686",1686,1,1,1,0,0.1,0.9
"1687",1687,4,1,2,0,0.1,0.9
"1688",1688,7,4,3,0,0.1,0.9
"1689",1689,8,5,5,0,0.1,0.9
"1690",1690,4,4,3,0,0.1,0.9
"1691",1691,2,2,5,0,0.1,0.9
"1692",1692,8,5,5,0,0.1,0.9
"1693",1693,6,8,6,0,0.1,0.9
"1694",1694,8,5,6,0,0.1,0.9
"1695",1695,6,3,4,0,0.1,0.9
"1696",1696,8,5,3,0,0.1,0.9
"1697",1697,2,4,6,0,0.1,0.9
"1698",1698,6,8,7,0,0.1,0.9
"1699",1699,6,3,2,0,0.1,0.9
"1700",1700,1,3,4,0,0.1,0.9
"1701",1701,2,5,3,0,0.1,0.9
"1702",1702,8,8,6,0,0.1,0.9
"1703",1703,7,4,7,0,0.1,0.9
"1704",1704,6,3,5,0,0.1,0.9
"1705",1705,3,1,3,0,0.1,0.9
"1706",1706,4,6,7,0,0.1,0.9
"1707",1707,6,3,5,0,0.1,0.9
"1708",1708,5,8,8,0,0.1,0.9
"1709",1709,7,5,5,0,0.1,0.9
"1710",1710,1,4,2,0,0.1,0.9
"1711",1711,6,3,4,0,0.1,0.9
"1712",1712,7,4,3,0,0.1,0.9
"1713",1713,4,7,7,0,0.1,0.9
"1714",1714,2,2,2,0,0.1,0.9
"1715",1715,8,8,5,0,0.1,0.9
"1716",1716,4,4,5,0,0.1,0.9
"1717",1717,5,3,3,0,0.1,0.9
"1718",1718,2,5,5,0,0.1,0.9
"1719",1719,4,4,3,0,0.1,0.9
"1720",1720,5,3,3,0,0.1,0.9
"1721",1721,3,5,5,0,0.1,0.9
"1722",1722,2,4,4,0,0.1,0.9
"1723",1723,6,8,7,0,0.1,0.9
"1724",1724,6,6,7,0,0.1,0.9
"1725",1725,3,6,4,0,0.1,0.9
"1726",1726,1,4,4,0,0.1,0.9
"1727",1727,6,4,3,0,0.1,0.9
"1728",1728,1,1,1,0,0.1,0.9
"1729",1729,3,5,4,0,0.1,0.9
"1730",1730,4,2,1,0,0.1,0.9
"1731",1731,3,3,4,0,0.1,0.9
"1732",1732,2,5,5,0,0.1,0.9
"1733",1733,3,5,3,0,0.1,0.9
"1734",1734,7,7,8,0,0.1,0.9
"1735",1735,1,3,5,0,0.1,0.9
"1736",1736,7,4,8,0,0.1,0.9
"1737",1737,7,4,5,0,0.1,0.9
"1738",1738,2,2,3,0,0.1,0.9
"1739",1739,2,5,4,0,0.1,0.9
"1740",1740,1,1,3,0,0.1,0.9
"1741",1741,4,1,1,0,0.1,0.9
"1742",1742,8,8,8,0,0.1,0.9
"1743",1743,6,4,5,0,0.1,0.9
"1744",1744,4,6,4,0,0.1,0.9
"1745",1745,8,6,3,0,0.1,0.9
"1746",1746,2,2,2,0,0.1,0.9
"1747",1747,4,6,7,0,0.1,0.9
"1748",1748,4,6,5,0,0.1,0.9
"1749",1749,5,5,2,0,0.1,0.9
"1750",1750,7,4,3,0,0.1,0.9
"1751",1751,3,1,1,0,0.1,0.9
"1752",1752,4,4,5,0,0.1,0.9
"1753",1753,5,5,5,0,0.1,0.9
"1754",1754,6,4,4,0,0.1,0.9
"1755",1755,2,2,1,0,0.1,0.9
"1756",1756,7,7,8,0,0.1,0.9
"1757",1757,3,5,5,0,0.1,0.9
"1758",1758,6,6,6,0,0.1,0.9
"1759",1759,1,3,3,0,0.1,0.9
"1760",1760,8,5,4,0,0.1,0.9
"1761",1761,1,1,1,0,0.1,0.9
"1762",1762,1,3,4,0,0.1,0.9
"1763",1763,5,8,7,0,0.1,0.9
"1764",1764,1,4,5,0,0.1,0.9
"1765",1765,8,5,4,0,0.1,0.9
"1766",1766,7,7,7,0,0.1,0.9
"1767",1767,8,8,8,0,0.1,0.9
"1768",1768,7,4,2,0,0.1,0.9
"1769",1769,6,6,5,0,0.1,0.9
"1770",1770,5,5,7,0,0.1,0.9
"1771",1771,5,7,7,0,0.1,0.9
"1772",1772,6,8,8,0,0.1,0.9
"1773",1773,5,7,4,0,0.1,0.9
"1774",1774,2,5,4,0,0.1,0.9
"1775",1775,8,5,5,0,0.1,0.9
"1776",1776,4,1,3,0,0.1,0.9
"1777",1777,7,4,5,0,0.1,0.9
"1778",1778,1,4,2,0,0.1,0.9
"1779",1779,3,6,5,0,0.1,0.9
"1780",1780,2,5,6,0,0.1,0.9
"1781",1781,7,5,5,0,0.1,0.9
"1782",1782,7,4,5,0,0.1,0.9
"1783",1783,7,4,4,0,0.1,0.9
"1784",1784,6,8,8,0,0.1,0.9
"1785",1785,5,8,8,0,0.1,0.9
"1786",1786,6,3,5,0,0.1,0.9
"1787",1787,6,6,6,0,0.1,0.9
"1788",1788,6,6,6,0,0.1,0.9
"1789",1789,2,5,5,0,0.1,0.9
"1790",1790,3,3,3,0,0.1,0.9
"1791",1791,2,4,5,0,0.1,0.9
"1792",1792,1,1,1,0,0.1,0.9
"1793",1793,4,7,4,0,0.1,0.9
"1794",1794,5,2,3,0,0.1,0.9
"1795",1795,5,8,8,0,0.1,0.9
"1796",1796,7,5,6,0,0.1,0.9
"1797",1797,3,1,1,0,0.1,0.9
"1798",1798,4,1,1,0,0.1,0.9
"1799",1799,8,6,5,0,0.1,0.9
"1800",1800,1,4,1,0,0.1,0.9
"1801",1801,7,4,3,0,0.1,0.9
"1802",1802,8,5,4,0,0.1,0.9
"1803",1803,1,4,4,0,0.1,0.9
"1804",1804,8,5,6,0,0.1,0.9
"1805",1805,2,2,1,0,0.1,0.9
"1806",1806,1,1,2,0,0.1,0.9
"1807",1807,6,4,6,0,0.1,0.9
"1808",1808,6,6,6,0,0.1,0.9
"1809",1809,2,5,5,0,0.1,0.9
"1810",1810,1,1,2,0,0.1,0.9
"1811",1811,5,7,6,0,0.1,0.9
"1812",1812,3,3,2,0,0.1,0.9
"1813",1813,6,3,3,0,0.1,0.9
"1814",1814,3,5,3,0,0.1,0.9
"1815",1815,3,3,5,0,0.1,0.9
"1816",1816,7,7,8,0,0.1,0.9
"1817",1817,4,6,6,0,0.1,0.9
"1818",1818,8,6,6,0,0.1,0.9
"1819",1819,6,4,3,0,0.1,0.9
"1820",1820,4,6,5,0,0.1,0.9
"1821",1821,2,5,3,0,0.1,0.9
"1822",1822,6,4,3,0,0.1,0.9
"1823",1823,3,6,6,0,0.1,0.9
"1824",1824,6,4,4,0,0.1,0.9
"1825",1825,7,5,4,0,0.1,0.9
"1826",1826,2,5,5,0,0.1,0.9
"1827",1827,7,4,6,0,0.1,0.9
"1828",1828,8,5,5,0,0.1,0.9
"1829",1829,1,3,3,0,0.1,0.9
"1830",1830,1,3,2,0,0.1,0.9
"1831",1831,8,8,8,0,0.1,0.9
"1832",1832,6,3,4,0,0.1,0.9
"1833",1833,7,5,5,0,0.1,0.9
"1834",1834,4,4,1,0,0.1,0.9
"1835",1835,4,4,2,0,0.1,0.9
"1836",1836,3,3,5,0,0.1,0.9
"1837",1837,3,6,2,0,0.1,0.9
"1838",1838,1,4,5,0,0.1,0.9
"1839",1839,3,6,8,0,0.1,0.9
"1840",1840,7,4,3,0,0.1,0.9
"1841",1841,6,3,4,0,0.1,0.9
"1842",1842,5,3,3,0,0.1,0.9
"1843",1843,1,4,8,0,0.1,0.9
"1844",1844,2,2,2,0,0.1,0.9
"1845",1845,8,5,7,0,0.1,0.9
"1846",1846,7,5,8,0,0.1,0.9
"1847",1847,1,3,4,0,0.1,0.9
"1848",1848,4,6,5,0,0.1,0.9
"1849",1849,7,5,6,0,0.1,0.9
"1850",1850,2,2,3,0,0.1,0.9
"1851",1851,6,4,5,0,0.1,0.9
"1852",1852,1,1,2,0,0.1,0.9
"1853",1853,1,4,3,0,0.1,0.9
"1854",1854,2,2,4,0,0.1,0.9
"1855",1855,6,6,7,0,0.1,0.9
"1856",1856,1,1,1,0,0.1,0.9
"1857",1857,1,1,1,0,0.1,0.9
"1858",1858,1,3,3,0,0.1,0.9
"1859",1859,2,2,3,0,0.1,0.9
"1860",1860,8,6,8,0,0.1,0.9
"1861",1861,8,5,3,0,0.1,0.9
"1862",1862,4,2,3,0,0.1,0.9
"1863",1863,4,7,8,0,0.1,0.9
"1864",1864,6,6,6,0,0.1,0.9
"1865",1865,7,4,6,0,0.1,0.9
"1866",1866,3,5,5,0,0.1,0.9
"1867",1867,8,6,6,0,0.1,0.9
"1868",1868,1,3,2,0,0.1,0.9
"1869",1869,8,6,8,0,0.1,0.9
"1870",1870,8,6,8,0,0.1,0.9
"1871",1871,8,6,6,0,0.1,0.9
"1872",1872,8,6,4,0,0.1,0.9
"1873",1873,4,7,5,0,0.1,0.9
"1874",1874,1,3,3,0,0.1,0.9
"1875",1875,4,1,2,0,0.1,0.9
"1876",1876,3,6,6,0,0.1,0.9
"1877",1877,4,6,4,0,0.1,0.9
"1878",1878,1,4,7,0,0.1,0.9
"1879",1879,5,5,4,0,0.1,0.9
"1880",1880,5,7,7,0,0.1,0.9
"1881",1881,6,6,7,0,0.1,0.9
"1882",1882,8,8,6,0,0.1,0.9
"1883",1883,2,4,4,0,0.1,0.9
"1884",1884,8,8,7,0,0.1,0.9
"1885",1885,5,8,8,0,0.1,0.9
"1886",1886,6,4,4,0,0.1,0.9
"1887",1887,4,1,3,0,0.1,0.9
"1888",1888,3,6,6,0,0.1,0.9
"1889",1889,6,4,6,0,0.1,0.9
"1890",1890,5,7,5,0,0.1,0.9
"1891",1891,8,5,6,0,0.1,0.9
"1892",1892,4,6,8,0,0.1,0.9
"1893",1893,2,4,5,0,0.1,0.9
"1894",1894,7,5,7,0,0.1,0.9
"1895",1895,3,6,6,0,0.1,0.9
"1896",1896,8,6,6,0,0.1,0.9
"1897",1897,1,1,1,0,0.1,0.9
"1898",1898,1,1,1,0,0.1,0.9
"1899",1899,7,4,3,0,0.1,0.9
"1900",1900,8,8,7,0,0.1,0.9
"1901",1901,4,6,7,0,0.1,0.9
"1902",1902,5,2,2,0,0.1,0.9
"1903",1903,2,2,3,0,0.1,0.9
"1904",1904,2,5,5,0,0.1,0.9
"1905",1905,7,7,5,0,0.1,0.9
"1906",1906,2,2,1,0,0.1,0.9
"1907",1907,4,6,5,0,0.1,0.9
"1908",1908,6,6,6,0,0.1,0.9
"1909",1909,4,1,1,0,0.1,0.9
"1910",1910,2,4,4,0,0.1,0.9
"1911",1911,4,4,1,0,0.1,0.9
"1912",1912,2,4,4,0,0.1,0.9
"1913",1913,3,6,3,0,0.1,0.9
"1914",1914,3,3,5,0,0.1,0.9
"1915",1915,2,4,4,0,0.1,0.9
"1916",1916,1,1,1,0,0.1,0.9
"1917",1917,2,2,1,0,0.1,0.9
"1918",1918,8,8,6,0,0.1,0.9
"1919",1919,7,7,6,0,0.1,0.9
"1920",1920,8,6,6,0,0.1,0.9
"1921",1921,3,3,4,0,0.1,0.9
"1922",1922,2,2,2,0,0.1,0.9
"1923",1923,4,6,5,0,0.1,0.9
"1924",1924,1,4,5,0,0.1,0.9
"1925",1925,6,4,5,0,0.1,0.9
"1926",1926,1,3,1,0,0.1,0.9
"1927",1927,2,4,5,0,0.1,0.9
"1928",1928,5,5,5,0,0.1,0.9
"1929",1929,1,4,1,0,0.1,0.9
"1930",1930,1,3,3,0,0.1,0.9
"1931",1931,8,6,6,0,0.1,0.9
"1932",1932,8,6,6,0,0.1,0.9
"1933",1933,1,3,2,0,0.1,0.9
"1934",1934,3,5,4,0,0.1,0.9
"1935",1935,7,7,6,0,0.1,0.9
"1936",1936,4,6,6,0,0.1,0.9
"1937",1937,1,1,3,0,0.1,0.9
"1938",1938,8,5,5,0,0.1,0.9
"1939",1939,7,7,8,0,0.1,0.9
"1940",1940,5,2,2,0,0.1,0.9
"1941",1941,3,6,7,0,0.1,0.9
"1942",1942,2,2,1,0,0.1,0.9
"1943",1943,8,6,4,0,0.1,0.9
"1944",1944,4,1,2,0,0.1,0.9
"1945",1945,7,7,5,0,0.1,0.9
"1946",1946,4,2,1,0,0.1,0.9
"1947",1947,4,7,8,0,0.1,0.9
"1948",1948,5,7,6,0,0.1,0.9
"1949",1949,7,4,4,0,0.1,0.9
"1950",1950,3,3,5,0,0.1,0.9
"1951",1951,4,2,2,0,0.1,0.9
"1952",1952,5,3,2,0,0.1,0.9
"1953",1953,8,5,5,0,0.1,0.9
"1954",1954,5,3,3,0,0.1,0.9
"1955",1955,7,7,7,0,0.1,0.9
"1956",1956,8,8,7,0,0.1,0.9
"1957",1957,3,5,2,0,0.1,0.9
"1958",1958,8,8,8,0,0.1,0.9
"1959",1959,1,1,1,0,0.1,0.9
"1960",1960,5,5,5,0,0.1,0.9
"1961",1961,6,4,4,0,0.1,0.9
"1962",1962,1,1,1,0,0.1,0.9
"1963",1963,5,2,3,0,0.1,0.9
"1964",1964,3,1,2,0,0.1,0.9
"1965",1965,3,5,4,0,0.1,0.9
"1966",1966,2,5,5,0,0.1,0.9
"1967",1967,5,5,3,0,0.1,0.9
"1968",1968,8,5,5,0,0.1,0.9
"1969",1969,2,2,2,0,0.1,0.9
"1970",1970,7,5,6,0,0.1,0.9
"1971",1971,4,2,3,0,0.1,0.9
"1972",1972,4,1,2,0,0.1,0.9
"1973",1973,3,3,4,0,0.1,0.9
"1974",1974,1,3,5,0,0.1,0.9
"1975",1975,6,3,3,0,0.1,0.9
"1976",1976,2,4,3,0,0.1,0.9
"1977",1977,2,5,6,0,0.1,0.9
"1978",1978,4,6,6,0,0.1,0.9
"1979",1979,4,1,3,0,0.1,0.9
"1980",1980,7,7,7,0,0.1,0.9
"1981",1981,2,4,3,0,0.1,0.9
"1982",1982,1,3,4,0,0.1,0.9
"1983",1983,7,7,7,0,0.1,0.9
"1984",1984,1,1,2,0,0.1,0.9
"1985",1985,4,1,2,0,0.1,0.9
"1986",1986,5,2,2,0,0.1,0.9
"1987",1987,6,8,5,0,0.1,0.9
"1988",1988,4,4,5,0,0.1,0.9
"1989",1989,3,5,6,0,0.1,0.9
"1990",1990,7,5,5,0,0.1,0.9
"1991",1991,4,1,2,0,0.1,0.9
"1992",1992,2,5,4,0,0.1,0.9
"1993",1993,1,3,4,0,0.1,0.9
"1994",1994,8,8,8,0,0.1,0.9
"1995",1995,4,1,1,0,0.1,0.9
"1996",1996,4,1,2,0,0.1,0.9
"1997",1997,2,5,4,0,0.1,0.9
"1998",1998,2,5,5,0,0.1,0.9
"1999",1999,7,4,6,0,0.1,0.9
"2000",2000,6,8,7,0,0.1,0.9
"2001",2001,8,8,5,0,0.1,0.9
"2002",2002,4,4,5,0,0.1,0.9
"2003",2003,7,4,6,0,0.1,0.9
"2004",2004,8,5,5,0,0.1,0.9
"2005",2005,2,4,4,0,0.1,0.9
"2006",2006,1,3,4,0,0.1,0.9
"2007",2007,6,8,6,0,0.1,0.9
"2008",2008,7,5,5,0,0.1,0.9
"2009",2009,1,1,1,0,0.1,0.9
"2010",2010,4,2,4,0,0.1,0.9
"2011",2011,5,5,6,0,0.1,0.9
"2012",2012,5,5,4,0,0.1,0.9
"2013",2013,4,2,3,0,0.1,0.9
"2014",2014,6,3,4,0,0.1,0.9
"2015",2015,7,5,4,0,0.1,0.9
"2016",2016,1,3,4,0,0.1,0.9
"2017",2017,8,6,7,0,0.1,0.9
"2018",2018,1,3,1,0,0.1,0.9
"2019",2019,2,4,2,0,0.1,0.9
"2020",2020,5,8,7,0,0.1,0.9
"2021",2021,3,1,1,0,0.1,0.9
"2022",2022,6,8,7,0,0.1,0.9
"2023",2023,4,4,5,0,0.1,0.9
"2024",2024,3,3,6,0,0.1,0.9
"2025",2025,2,5,6,0,0.1,0.9
"2026",2026,8,6,6,0,0.1,0.9
"2027",2027,7,4,5,0,0.1,0.9
"2028",2028,1,3,5,0,0.1,0.9
"2029",2029,6,6,4,0,0.1,0.9
"2030",2030,5,5,4,0,0.1,0.9
"2031",2031,2,4,5,0,0.1,0.9
"2032",2032,8,8,5,0,0.1,0.9
"2033",2033,2,5,3,0,0.1,0.9
"2034",2034,8,5,3,0,0.1,0.9
"2035",2035,2,4,5,0,0.1,0.9
"2036",2036,8,8,8,0,0.1,0.9
"2037",2037,5,8,8,0,0.1,0.9
"2038",2038,1,4,3,0,0.1,0.9
"2039",2039,4,2,2,0,0.1,0.9
"2040",2040,6,4,4,0,0.1,0.9
"2041",2041,3,5,3,0,0.1,0.9
"2042",2042,4,2,3,0,0.1,0.9
"2043",2043,1,4,5,0,0.1,0.9
"2044",2044,3,5,3,0,0.1,0.9
"2045",2045,8,6,5,0,0.1,0.9
"2046",2046,8,6,8,0,0.1,0.9
"2047",2047,8,8,8,0,0.1,0.9
"2048",2048,3,3,3,0,0.1,0.9
"2049",2049,2,5,6,0,0.1,0.9
"2050",2050,2,2,2,0,0.1,0.9
"2051",2051,7,5,4,0,0.1,0.9
"2052",2052,6,6,6,0,0.1,0.9
"2053",2053,8,5,3,0,0.1,0.9
"2054",2054,5,8,8,0,0.1,0.9
"2055",2055,3,1,2,0,0.1,0.9
"2056",2056,8,6,7,0,0.1,0.9
"2057",2057,7,5,5,0,0.1,0.9
"2058",2058,1,3,3,0,0.1,0.9
"2059",2059,5,7,6,0,0.1,0.9
"2060",2060,6,4,3,0,0.1,0.9
"2061",2061,8,5,8,0,0.1,0.9
"2062",2062,6,4,6,0,0.1,0.9
"2063",2063,7,5,6,0,0.1,0.9
"2064",2064,8,8,8,0,0.1,0.9
"2065",2065,3,1,3,0,0.1,0.9
"2066",2066,7,4,3,0,0.1,0.9
"2067",2067,8,8,7,0,0.1,0.9
"2068",2068,6,4,5,0,0.1,0.9
"2069",2069,1,4,4,0,0.1,0.9
"2070",2070,1,3,2,0,0.1,0.9
"2071",2071,3,1,1,0,0.1,0.9
"2072",2072,3,1,1,0,0.1,0.9
"2073",2073,7,7,7,0,0.1,0.9
"2074",2074,4,6,3,0,0.1,0.9
"2075",2075,2,2,1,0,0.1,0.9
"2076",2076,2,2,4,0,0.1,0.9
"2077",2077,7,4,4,0,0.1,0.9
"2078",2078,8,5,4,0,0.1,0.9
"2079",2079,6,4,5,0,0.1,0.9
"2080",2080,2,5,7,0,0.1,0.9
"2081",2081,8,6,6,0,0.1,0.9
"2082",2082,7,5,5,0,0.1,0.9
"2083",2083,6,8,8,0,0.1,0.9
"2084",2084,7,7,8,0,0.1,0.9
"2085",2085,2,2,2,0,0.1,0.9
"2086",2086,6,4,5,0,0.1,0.9
"2087",2087,1,1,2,0,0.1,0.9
"2088",2088,3,3,4,0,0.1,0.9
"2089",2089,5,7,7,0,0.1,0.9
"2090",2090,7,5,6,0,0.1,0.9
"2091",2091,3,1,1,0,0.1,0.9
"2092",2092,1,3,3,0,0.1,0.9
"2093",2093,6,6,5,0,0.1,0.9
"2094",2094,8,5,4,0,0.1,0.9
"2095",2095,7,5,6,0,0.1,0.9
"2096",2096,3,6,7,0,0.1,0.9
"2097",2097,5,3,4,0,0.1,0.9
"2098",2098,7,4,4,0,0.1,0.9
"2099",2099,1,4,4,0,0.1,0.9
"2100",2100,3,5,2,0,0.1,0.9
"2101",2101,3,6,4,0,0.1,0.9
"2102",2102,2,5,6,0,0.1,0.9
"2103",2103,3,6,5,0,0.1,0.9
"2104",2104,2,2,4,0,0.1,0.9
"2105",2105,1,3,2,0,0.1,0.9
"2106",2106,6,3,5,0,0.1,0.9
"2107",2107,4,6,5,0,0.1,0.9
"2108",2108,1,4,3,0,0.1,0.9
"2109",2109,1,4,4,0,0.1,0.9
"2110",2110,6,3,5,0,0.1,0.9
"2111",2111,6,4,4,0,0.1,0.9
"2112",2112,1,1,2,0,0.1,0.9
"2113",2113,1,4,3,0,0.1,0.9
"2114",2114,6,3,5,0,0.1,0.9
"2115",2115,2,2,1,0,0.1,0.9
"2116",2116,1,3,3,0,0.1,0.9
"2117",2117,8,5,6,0,0.1,0.9
"2118",2118,3,5,6,0,0.1,0.9
"2119",2119,2,4,4,0,0.1,0.9
"2120",2120,2,4,5,0,0.1,0.9
"2121",2121,5,3,3,0,0.1,0.9
"2122",2122,8,8,8,0,0.1,0.9
"2123",2123,1,3,2,0,0.1,0.9
"2124",2124,1,4,3,0,0.1,0.9
"2125",2125,1,4,4,0,0.1,0.9
"2126",2126,7,7,6,0,0.1,0.9
"2127",2127,8,8,7,0,0.1,0.9
"2128",2128,8,6,6,0,0.1,0.9
"2129",2129,7,7,6,0,0.1,0.9
"2130",2130,5,2,1,0,0.1,0.9
"2131",2131,4,7,6,0,0.1,0.9
"2132",2132,6,6,6,0,0.1,0.9
"2133",2133,2,4,4,0,0.1,0.9
"2134",2134,5,8,8,0,0.1,0.9
"2135",2135,1,3,2,0,0.1,0.9
"2136",2136,3,6,7,0,0.1,0.9
"2137",2137,2,4,3,0,0.1,0.9
"2138",2138,7,4,6,0,0.1,0.9
"2139",2139,6,4,2,0,0.1,0.9
"2140",2140,5,3,3,0,0.1,0.9
"2141",2141,8,6,6,0,0.1,0.9
"2142",2142,7,7,8,0,0.1,0.9
"2143",2143,6,3,2,0,0.1,0.9
"2144",2144,6,8,8,0,0.1,0.9
"2145",2145,7,7,8,0,0.1,0.9
"2146",2146,8,6,5,0,0.1,0.9
"2147",2147,7,5,5,0,0.1,0.9
"2148",2148,7,5,3,0,0.1,0.9
"2149",2149,1,1,1,0,0.1,0.9
"2150",2150,8,6,6,0,0.1,0.9
"2151",2151,8,5,6,0,0.1,0.9
"2152",2152,4,6,5,0,0.1,0.9
"2153",2153,4,6,4,0,0.1,0.9
"2154",2154,6,3,3,0,0.1,0.9
"2155",2155,2,4,3,0,0.1,0.9
"2156",2156,2,4,3,0,0.1,0.9
"2157",2157,4,2,1,0,0.1,0.9
"2158",2158,7,7,7,0,0.1,0.9
"2159",2159,3,1,2,0,0.1,0.9
"2160",2160,5,5,5,0,0.1,0.9
"2161",2161,1,3,3,0,0.1,0.9
"2162",2162,6,3,4,0,0.1,0.9
"2163",2163,6,6,4,0,0.1,0.9
"2164",2164,4,7,4,0,0.1,0.9
"2165",2165,1,1,1,0,0.1,0.9
"2166",2166,2,5,4,0,0.1,0.9
"2167",2167,5,5,5,0,0.1,0.9
"2168",2168,4,7,6,0,0.1,0.9
"2169",2169,8,6,5,0,0.1,0.9
"2170",2170,5,3,2,0,0.1,0.9
"2171",2171,1,3,2,0,0.1,0.9
"2172",2172,1,4,5,0,0.1,0.9
"2173",2173,5,3,5,0,0.1,0.9
"2174",2174,2,4,3,0,0.1,0.9
"2175",2175,2,5,5,0,0.1,0.9
"2176",2176,5,7,5,0,0.1,0.9
"2177",2177,4,7,7,0,0.1,0.9
"2178",2178,7,7,4,0,0.1,0.9
"2179",2179,8,8,6,0,0.1,0.9
"2180",2180,6,6,6,0,0.1,0.9
"2181",2181,5,2,1,0,0.1,0.9
"2182",2182,2,2,3,0,0.1,0.9
"2183",2183,5,3,4,0,0.1,0.9
"2184",2184,5,8,7,0,0.1,0.9
"2185",2185,5,7,6,0,0.1,0.9
"2186",2186,2,4,3,0,0.1,0.9
"2187",2187,5,5,6,0,0.1,0.9
"2188",2188,7,7,7,0,0.1,0.9
"2189",2189,8,8,8,0,0.1,0.9
"2190",2190,7,4,5,0,0.1,0.9
"2191",2191,3,1,2,0,0.1,0.9
"2192",2192,4,2,2,0,0.1,0.9
"2193",2193,3,1,2,0,0.1,0.9
"2194",2194,6,8,8,0,0.1,0.9
"2195",2195,2,4,2,0,0.1,0.9
"2196",2196,3,1,2,0,0.1,0.9
"2197",2197,7,5,5,0,0.1,0.9
"2198",2198,4,4,5,0,0.1,0.9
"2199",2199,3,5,5,0,0.1,0.9
"2200",2200,7,7,5,0,0.1,0.9
"2201",2201,1,1,4,0,0.1,0.9
"2202",2202,7,5,5,0,0.1,0.9
"2203",2203,3,5,4,0,0.1,0.9
"2204",2204,8,6,6,0,0.1,0.9
"2205",2205,6,4,3,0,0.1,0.9
"2206",2206,2,4,5,0,0.1,0.9
"2207",2207,4,2,4,0,0.1,0.9
"2208",2208,1,4,4,0,0.1,0.9
"2209",2209,4,2,3,0,0.1,0.9
"2210",2210,4,7,6,0,0.1,0.9
"2211",2211,8,5,4,0,0.1,0.9
"2212",2212,2,4,6,0,0.1,0.9
"2213",2213,7,5,4,0,0.1,0.9
"2214",2214,7,4,5,0,0.1,0.9
"2215",2215,5,2,5,0,0.1,0.9
"2216",2216,2,2,1,0,0.1,0.9
"2217",2217,1,3,4,0,0.1,0.9
"2218",2218,3,5,7,0,0.1,0.9
"2219",2219,8,8,7,0,0.1,0.9
"2220",2220,4,2,2,0,0.1,0.9
"2221",2221,3,6,6,0,0.1,0.9
"2222",2222,7,4,5,0,0.1,0.9
"2223",2223,4,7,6,0,0.1,0.9
"2224",2224,6,3,4,0,0.1,0.9
"2225",2225,7,5,5,0,0.1,0.9
"2226",2226,3,6,7,0,0.1,0.9
"2227",2227,6,6,4,0,0.1,0.9
"2228",2228,6,4,3,0,0.1,0.9
"2229",2229,8,8,7,0,0.1,0.9
"2230",2230,6,3,2,0,0.1,0.9
"2231",2231,8,5,5,0,0.1,0.9
"2232",2232,8,5,7,0,0.1,0.9
"2233",2233,1,1,2,0,0.1,0.9
"2234",2234,6,4,4,0,0.1,0.9
"2235",2235,5,3,3,0,0.1,0.9
"2236",2236,1,3,2,0,0.1,0.9
"2237",2237,4,1,1,0,0.1,0.9
"2238",2238,1,4,4,0,0.1,0.9
"2239",2239,8,8,8,0,0.1,0.9
"2240",2240,7,7,8,0,0.1,0.9
"2241",2241,1,3,3,0,0.1,0.9
"2242",2242,3,5,4,0,0.1,0.9
"2243",2243,7,4,3,0,0.1,0.9
"2244",2244,5,7,6,0,0.1,0.9
"2245",2245,8,6,5,0,0.1,0.9
"2246",2246,4,1,3,0,0.1,0.9
"2247",2247,6,3,1,0,0.1,0.9
"2248",2248,1,4,5,0,0.1,0.9
"2249",2249,7,5,5,0,0.1,0.9
"2250",2250,6,6,4,0,0.1,0.9
"2251",2251,2,4,1,0,0.1,0.9
"2252",2252,6,4,4,0,0.1,0.9
"2253",2253,6,3,3,0,0.1,0.9
"2254",2254,4,7,6,0,0.1,0.9
"2255",2255,8,5,5,0,0.1,0.9
"2256",2256,6,8,8,0,0.1,0.9
"2257",2257,3,6,3,0,0.1,0.9
"2258",2258,3,3,7,0,0.1,0.9
"2259",2259,4,1,2,0,0.1,0.9
"2260",2260,5,3,3,0,0.1,0.9
"2261",2261,1,4,3,0,0.1,0.9
"2262",2262,8,5,7,0,0.1,0.9
"2263",2263,6,8,7,0,0.1,0.9
"2264",2264,7,5,7,0,0.1,0.9
"2265",2265,3,6,6,0,0.1,0.9
"2266",2266,6,4,3,0,0.1,0.9
"2267",2267,2,4,5,0,0.1,0.9
"2268",2268,5,2,3,0,0.1,0.9
"2269",2269,1,3,4,0,0.1,0.9
"2270",2270,8,5,5,0,0.1,0.9
"2271",2271,6,3,4,0,0.1,0.9
"2272",2272,3,6,5,0,0.1,0.9
"2273",2273,2,2,3,0,0.1,0.9
"2274",2274,6,3,3,0,0.1,0.9
"2275",2275,2,4,5,0,0.1,0.9
"2276",2276,7,4,6,0,0.1,0.9
"2277",2277,8,8,7,0,0.1,0.9
"2278",2278,6,4,4,0,0.1,0.9
"2279",2279,7,4,6,0,0.1,0.9
"2280",2280,4,4,3,0,0.1,0.9
"2281",2281,5,8,8,0,0.1,0.9
"2282",2282,6,3,3,0,0.1,0.9
"2283",2283,6,6,5,0,0.1,0.9
"2284",2284,3,5,6,0,0.1,0.9
"2285",2285,1,1,1,0,0.1,0.9
"2286",2286,7,7,6,0,0.1,0.9
"2287",2287,8,8,7,0,0.1,0.9
"2288",2288,3,1,2,0,0.1,0.9
"2289",2289,5,5,6,0,0.1,0.9
"2290",2290,2,5,5,0,0.1,0.9
"2291",2291,8,8,8,0,0.1,0.9
"2292",2292,5,3,2,0,0.1,0.9
"2293",2293,2,2,3,0,0.1,0.9
"2294",2294,6,3,4,0,0.1,0.9
"2295",2295,2,5,5,0,0.1,0.9
"2296",2296,5,7,6,0,0.1,0.9
"2297",2297,5,8,8,0,0.1,0.9
"2298",2298,8,5,5,0,0.1,0.9
"2299",2299,1,4,4,0,0.1,0.9
"2300",2300,4,4,2,0,0.1,0.9
"2301",2301,7,5,3,0,0.1,0.9
"2302",2302,5,5,7,0,0.1,0.9
"2303",2303,4,2,2,0,0.1,0.9
"2304",2304,7,7,5,0,0.1,0.9
"2305",2305,4,4,3,0,0.1,0.9
"2306",2306,8,5,7,0,0.1,0.9
"2307",2307,3,5,7,0,0.1,0.9
"2308",2308,3,5,4,0,0.1,0.9
"2309",2309,6,3,5,0,0.1,0.9
"2310",2310,7,4,4,0,0.1,0.9
"2311",2311,5,2,2,0,0.1,0.9
"2312",2312,8,8,7,0,0.1,0.9
"2313",2313,4,4,4,0,0.1,0.9
"2314",2314,8,5,5,0,0.1,0.9
"2315",2315,1,1,1,0,0.1,0.9
"2316",2316,2,4,6,0,0.1,0.9
"2317",2317,2,4,3,0,0.1,0.9
"2318",2318,7,4,5,0,0.1,0.9
"2319",2319,3,3,4,0,0.1,0.9
"2320",2320,2,4,6,0,0.1,0.9
"2321",2321,4,2,2,0,0.1,0.9
"2322",2322,4,6,6,0,0.1,0.9
"2323",2323,8,5,7,0,0.1,0.9
"2324",2324,8,5,6,0,0.1,0.9
"2325",2325,2,5,3,0,0.1,0.9
"2326",2326,6,6,6,0,0.1,0.9
"2327",2327,2,4,4,0,0.1,0.9
"2328",2328,6,3,4,0,0.1,0.9
"2329",2329,5,8,7,0,0.1,0.9
"2330",2330,8,8,7,0,0.1,0.9
"2331",2331,5,2,2,0,0.1,0.9
"2332",2332,7,4,6,0,0.1,0.9
"2333",2333,1,3,4,0,0.1,0.9
"2334",2334,8,6,6,0,0.1,0.9
"2335",2335,2,2,4,0,0.1,0.9
"2336",2336,3,3,4,0,0.1,0.9
"2337",2337,7,5,4,0,0.1,0.9
"2338",2338,3,1,2,0,0.1,0.9
"2339",2339,1,4,4,0,0.1,0.9
"2340",2340,1,4,3,0,0.1,0.9
"2341",2341,1,3,3,0,0.1,0.9
"2342",2342,3,1,1,0,0.1,0.9
"2343",2343,8,6,6,0,0.1,0.9
"2344",2344,6,3,2,0,0.1,0.9
"2345",2345,7,7,4,0,0.1,0.9
"2346",2346,8,8,8,0,0.1,0.9
"2347",2347,7,7,8,0,0.1,0.9
"2348",2348,7,5,4,0,0.1,0.9
"2349",2349,7,4,6,0,0.1,0.9
"2350",2350,5,5,5,0,0.1,0.9
"2351",2351,8,5,7,0,0.1,0.9
"2352",2352,4,1,2,0,0.1,0.9
"2353",2353,2,5,4,0,0.1,0.9
"2354",2354,3,3,4,0,0.1,0.9
"2355",2355,3,3,5,0,0.1,0.9
"2356",2356,8,5,6,0,0.1,0.9
"2357",2357,2,5,7,0,0.1,0.9
"2358",2358,6,3,4,0,0.1,0.9
"2359",2359,6,8,7,0,0.1,0.9
"2360",2360,6,4,6,0,0.1,0.9
"2361",2361,7,7,8,0,0.1,0.9
"2362",2362,5,8,6,0,0.1,0.9
"2363",2363,3,5,4,0,0.1,0.9
"2364",2364,2,5,3,0,0.1,0.9
"2365",2365,8,5,6,0,0.1,0.9
"2366",2366,6,3,4,0,0.1,0.9
"2367",2367,3,1,1,0,0.1,0.9
"2368",2368,8,6,8,0,0.1,0.9
"2369",2369,3,6,3,0,0.1,0.9
"2370",2370,3,1,1,0,0.1,0.9
"2371",2371,5,2,5,0,0.1,0.9
"2372",2372,7,4,6,0,0.1,0.9
"2373",2373,5,2,3,0,0.1,0.9
"2374",2374,3,3,4,0,0.1,0.9
"2375",2375,8,5,4,0,0.1,0.9
"2376",2376,5,3,3,0,0.1,0.9
"2377",2377,4,7,8,0,0.1,0.9
"2378",2378,6,4,2,0,0.1,0.9
"2379",2379,5,3,3,0,0.1,0.9
"2380",2380,3,3,4,0,0.1,0.9
"2381",2381,2,5,4,0,0.1,0.9
"2382",2382,1,4,3,0,0.1,0.9
"2383",2383,8,8,8,0,0.1,0.9
"2384",2384,8,8,7,0,0.1,0.9
"2385",2385,3,1,1,0,0.1,0.9
"2386",2386,6,4,4,0,0.1,0.9
"2387",2387,4,2,3,0,0.1,0.9
"2388",2388,3,6,5,0,0.1,0.9
"2389",2389,5,7,7,0,0.1,0.9
"2390",2390,4,6,7,0,0.1,0.9
"2391",2391,7,4,2,0,0.1,0.9
"2392",2392,4,6,7,0,0.1,0.9
"2393",2393,1,1,1,0,0.1,0.9
"2394",2394,3,6,5,0,0.1,0.9
"2395",2395,3,5,5,0,0.1,0.9
"2396",2396,7,4,4,0,0.1,0.9
"2397",2397,1,1,2,0,0.1,0.9
"2398",2398,1,3,1,0,0.1,0.9
"2399",2399,6,4,3,0,0.1,0.9
"2400",2400,2,4,3,0,0.1,0.9
"2401",2401,4,2,3,0,0.1,0.9
"2402",2402,6,6,4,0,0.1,0.9
"2403",2403,4,7,3,0,0.1,0.9
"2404",2404,3,1,1,0,0.1,0.9
"2405",2405,3,6,7,0,0.1,0.9
"2406",2406,8,6,7,0,0.1,0.9
"2407",2407,1,1,2,0,0.1,0.9
"2408",2408,6,6,6,0,0.1,0.9
"2409",2409,3,6,5,0,0.1,0.9
"2410",2410,7,5,5,0,0.1,0.9
"2411",2411,7,4,6,0,0.1,0.9
"2412",2412,1,4,3,0,0.1,0.9
"2413",2413,4,4,4,0,0.1,0.9
"2414",2414,2,4,4,0,0.1,0.9
"2415",2415,1,3,4,0,0.1,0.9
"2416",2416,5,8,8,0,0.1,0.9
"2417",2417,6,4,4,0,0.1,0.9
"2418",2418,4,2,5,0,0.1,0.9
"2419",2419,5,3,2,0,0.1,0.9
"2420",2420,2,5,5,0,0.1,0.9
"2421",2421,6,4,2,0,0.1,0.9
"2422",2422,4,6,5,0,0.1,0.9
"2423",2423,1,4,4,0,0.1,0.9
"2424",2424,6,6,7,0,0.1,0.9
"2425",2425,6,3,4,0,0.1,0.9
"2426",2426,6,4,7,0,0.1,0.9
"2427",2427,6,8,8,0,0.1,0.9
"2428",2428,5,8,7,0,0.1,0.9
"2429",2429,6,3,1,0,0.1,0.9
"2430",2430,3,6,5,0,0.1,0.9
"2431",2431,4,7,8,0,0.1,0.9
"2432",2432,5,7,7,0,0.1,0.9
"2433",2433,3,6,4,0,0.1,0.9
"2434",2434,7,4,6,0,0.1,0.9
"2435",2435,3,6,6,0,0.1,0.9
"2436",2436,5,8,6,0,0.1,0.9
"2437",2437,7,4,4,0,0.1,0.9
"2438",2438,3,5,5,0,0.1,0.9
"2439",2439,2,5,5,0,0.1,0.9
"2440",2440,4,6,7,0,0.1,0.9
"2441",2441,4,2,3,0,0.1,0.9
"2442",2442,6,4,5,0,0.1,0.9
"2443",2443,7,5,5,0,0.1,0.9
"2444",2444,2,5,4,0,0.1,0.9
"2445",2445,6,4,3,0,0.1,0.9
"2446",2446,6,4,4,0,0.1,0.9
"2447",2447,4,7,6,0,0.1,0.9
"2448",2448,2,4,6,0,0.1,0.9
"2449",2449,7,7,6,0,0.1,0.9
"2450",2450,2,5,4,0,0.1,0.9
"2451",2451,3,6,8,0,0.1,0.9
"2452",2452,5,5,8,0,0.1,0.9
"2453",2453,5,7,6,0,0.1,0.9
"2454",2454,8,8,6,0,0.1,0.9
"2455",2455,2,4,3,0,0.1,0.9
"2456",2456,4,1,2,0,0.1,0.9
"2457",2457,3,6,6,0,0.1,0.9
"2458",2458,8,5,5,0,0.1,0.9
"2459",2459,3,3,1,0,0.1,0.9
"2460",2460,4,4,4,0,0.1,0.9
"2461",2461,5,5,5,0,0.1,0.9
"2462",2462,5,2,3,0,0.1,0.9
"2463",2463,3,6,4,0,0.1,0.9
"2464",2464,1,3,4,0,0.1,0.9
"2465",2465,1,3,6,0,0.1,0.9
"2466",2466,4,2,4,0,0.1,0.9
"2467",2467,3,3,5,0,0.1,0.9
"2468",2468,7,5,5,0,0.1,0.9
"2469",2469,3,5,4,0,0.1,0.9
"2470",2470,1,1,2,0,0.1,0.9
"2471",2471,2,2,4,0,0.1,0.9
"2472",2472,7,4,4,0,0.1,0.9
"2473",2473,7,5,4,0,0.1,0.9
"2474",2474,8,6,7,0,0.1,0.9
"2475",2475,2,4,5,0,0.1,0.9
"2476",2476,5,2,2,0,0.1,0.9
"2477",2477,6,6,6,0,0.1,0.9
"2478",2478,6,3,3,0,0.1,0.9
"2479",2479,1,1,4,0,0.1,0.9
"2480",2480,7,5,4,0,0.1,0.9
"2481",2481,3,6,5,0,0.1,0.9
"2482",2482,5,5,5,0,0.1,0.9
"2483",2483,4,2,1,0,0.1,0.9
"2484",2484,3,6,5,0,0.1,0.9
"2485",2485,1,1,2,0,0.1,0.9
"2486",2486,7,7,6,0,0.1,0.9
"2487",2487,7,5,4,0,0.1,0.9
"2488",2488,1,1,3,0,0.1,0.9
"2489",2489,5,5,4,0,0.1,0.9
"2490",2490,7,7,8,0,0.1,0.9
"2491",2491,7,4,5,0,0.1,0.9
"2492",2492,7,7,6,0,0.1,0.9
"2493",2493,6,4,5,0,0.1,0.9
"2494",2494,3,3,1,0,0.1,0.9
"2495",2495,7,4,4,0,0.1,0.9
"2496",2496,4,1,2,0,0.1,0.9
"2497",2497,2,2,1,0,0.1,0.9
"2498",2498,4,1,2,0,0.1,0.9
"2499",2499,6,8,8,0,0.1,0.9
"2500",2500,5,8,8,0,0.1,0.9
"2501",2501,2,5,3,0,0.1,0.9
"2502",2502,6,4,4,0,0.1,0.9
"2503",2503,8,6,6,0,0.1,0.9
"2504",2504,1,1,2,0,0.1,0.9
"2505",2505,2,2,2,0,0.1,0.9
"2506",2506,8,5,6,0,0.1,0.9
"2507",2507,3,6,2,0,0.1,0.9
"2508",2508,4,7,4,0,0.1,0.9
"2509",2509,4,2,2,0,0.1,0.9
"2510",2510,3,6,6,0,0.1,0.9
"2511",2511,1,4,4,0,0.1,0.9
"2512",2512,1,1,2,0,0.1,0.9
"2513",2513,5,2,4,0,0.1,0.9
"2514",2514,2,5,5,0,0.1,0.9
"2515",2515,1,1,1,0,0.1,0.9
"2516",2516,5,5,5,0,0.1,0.9
"2517",2517,8,8,6,0,0.1,0.9
"2518",2518,8,5,6,0,0.1,0.9
"2519",2519,6,4,4,0,0.1,0.9
"2520",2520,7,4,3,0,0.1,0.9
"2521",2521,3,6,3,0,0.1,0.9
"2522",2522,7,7,8,0,0.1,0.9
"2523",2523,1,1,1,0,0.1,0.9
"2524",2524,5,8,8,0,0.1,0.9
"2525",2525,3,1,2,0,0.1,0.9
"2526",2526,1,3,5,0,0.1,0.9
"2527",2527,3,6,8,0,0.1,0.9
"2528",2528,8,5,3,0,0.1,0.9
"2529",2529,3,1,3,0,0.1,0.9
"2530",2530,6,4,5,0,0.1,0.9
"2531",2531,6,8,8,0,0.1,0.9
"2532",2532,5,8,8,0,0.1,0.9
"2533",2533,3,6,6,0,0.1,0.9
"2534",2534,8,5,7,0,0.1,0.9
"2535",2535,6,3,1,0,0.1,0.9
"2536",2536,8,8,8,0,0.1,0.9
"2537",2537,1,1,2,0,0.1,0.9
"2538",2538,4,2,3,0,0.1,0.9
"2539",2539,7,5,5,0,0.1,0.9
"2540",2540,6,6,5,0,0.1,0.9
"2541",2541,4,6,4,0,0.1,0.9
"2542",2542,6,6,5,0,0.1,0.9
"2543",2543,2,4,4,0,0.1,0.9
"2544",2544,3,5,6,0,0.1,0.9
"2545",2545,1,1,2,0,0.1,0.9
"2546",2546,7,4,6,0,0.1,0.9
"2547",2547,1,1,5,0,0.1,0.9
"2548",2548,7,7,7,0,0.1,0.9
"2549",2549,3,6,7,0,0.1,0.9
"2550",2550,3,3,4,0,0.1,0.9
"2551",2551,8,8,7,0,0.1,0.9
"2552",2552,2,4,4,0,0.1,0.9
"2553",2553,5,8,8,0,0.1,0.9
"2554",2554,2,2,2,0,0.1,0.9
"2555",2555,2,2,5,0,0.1,0.9
"2556",2556,5,7,7,0,0.1,0.9
"2557",2557,1,4,7,0,0.1,0.9
"2558",2558,5,8,8,0,0.1,0.9
"2559",2559,8,6,7,0,0.1,0.9
"2560",2560,3,3,3,0,0.1,0.9
"2561",2561,7,7,6,0,0.1,0.9
"2562",2562,7,5,4,0,0.1,0.9
"2563",2563,2,2,1,0,0.1,0.9
"2564",2564,4,2,2,0,0.1,0.9
"2565",2565,8,5,3,0,0.1,0.9
"2566",2566,3,6,6,0,0.1,0.9
"2567",2567,8,8,7,0,0.1,0.9
"2568",2568,7,4,3,0,0.1,0.9
"2569",2569,8,8,6,0,0.1,0.9
"2570",2570,6,8,8,0,0.1,0.9
"2571",2571,5,3,3,0,0.1,0.9
"2572",2572,6,4,4,0,0.1,0.9
"2573",2573,2,5,5,0,0.1,0.9
"2574",2574,6,6,7,0,0.1,0.9
"2575",2575,1,3,3,0,0.1,0.9
"2576",2576,5,8,8,0,0.1,0.9
"2577",2577,2,2,3,0,0.1,0.9
"2578",2578,4,1,3,0,0.1,0.9
"2579",2579,1,4,4,0,0.1,0.9
"2580",2580,8,6,4,0,0.1,0.9
"2581",2581,1,3,3,0,0.1,0.9
"2582",2582,2,5,6,0,0.1,0.9
"2583",2583,7,4,6,0,0.1,0.9
"2584",2584,1,4,2,0,0.1,0.9
"2585",2585,5,5,3,0,0.1,0.9
"2586",2586,2,4,5,0,0.1,0.9
"2587",2587,4,1,1,0,0.1,0.9
"2588",2588,5,3,4,0,0.1,0.9
"2589",2589,7,7,7,0,0.1,0.9
"2590",2590,5,5,5,0,0.1,0.9
"2591",2591,2,2,2,0,0.1,0.9
"2592",2592,2,2,2,0,0.1,0.9
"2593",2593,3,5,5,0,0.1,0.9
"2594",2594,8,5,4,0,0.1,0.9
"2595",2595,2,2,3,0,0.1,0.9
"2596",2596,2,4,1,0,0.1,0.9
"2597",2597,7,5,5,0,0.1,0.9
"2598",2598,7,7,7,0,0.1,0.9
"2599",2599,4,4,2,0,0.1,0.9
"2600",2600,6,3,2,0,0.1,0.9
"2601",2601,2,4,4,0,0.1,0.9
"2602",2602,8,8,7,0,0.1,0.9
"2603",2603,4,2,3,0,0.1,0.9
"2604",2604,5,2,1,0,0.1,0.9
"2605",2605,6,4,4,0,0.1,0.9
"2606",2606,5,3,3,0,0.1,0.9
"2607",2607,4,6,5,0,0.1,0.9
"2608",2608,3,6,5,0,0.1,0.9
"2609",2609,3,3,1,0,0.1,0.9
"2610",2610,2,2,4,0,0.1,0.9
"2611",2611,6,3,6,0,0.1,0.9
"2612",2612,1,4,3,0,0.1,0.9
"2613",2613,8,5,5,0,0.1,0.9
"2614",2614,7,5,4,0,0.1,0.9
"2615",2615,8,5,6,0,0.1,0.9
"2616",2616,7,4,5,0,0.1,0.9
"2617",2617,1,3,2,0,0.1,0.9
"2618",2618,8,5,3,0,0.1,0.9
"2619",2619,1,3,1,0,0.1,0.9
"2620",2620,4,4,5,0,0.1,0.9
"2621",2621,8,8,8,0,0.1,0.9
"2622",2622,7,7,8,0,0.1,0.9
"2623",2623,3,1,1,0,0.1,0.9
"2624",2624,7,5,4,0,0.1,0.9
"2625",2625,2,5,6,0,0.1,0.9
"2626",2626,1,4,5,0,0.1,0.9
"2627",2627,6,3,5,0,0.1,0.9
"2628",2628,4,1,2,0,0.1,0.9
"2629",2629,4,7,6,0,0.1,0.9
"2630",2630,6,8,8,0,0.1,0.9
"2631",2631,1,1,3,0,0.1,0.9
"2632",2632,8,6,7,0,0.1,0.9
"2633",2633,5,8,5,0,0.1,0.9
"2634",2634,3,3,3,0,0.1,0.9
"2635",2635,5,3,5,0,0.1,0.9
"2636",2636,1,4,6,0,0.1,0.9
"2637",2637,3,1,2,0,0.1,0.9
"2638",2638,6,8,8,0,0.1,0.9
"2639",2639,1,1,1,0,0.1,0.9
"2640",2640,3,3,4,0,0.1,0.9
"2641",2641,5,5,5,0,0.1,0.9
"2642",2642,5,3,3,0,0.1,0.9
"2643",2643,1,1,2,0,0.1,0.9
"2644",2644,1,4,4,0,0.1,0.9
"2645",2645,6,3,1,0,0.1,0.9
"2646",2646,2,4,3,0,0.1,0.9
"2647",2647,8,8,6,0,0.1,0.9
"2648",2648,8,8,7,0,0.1,0.9
"2649",2649,7,4,2,0,0.1,0.9
"2650",2650,4,7,5,0,0.1,0.9
"2651",2651,1,1,2,0,0.1,0.9
"2652",2652,7,5,5,0,0.1,0.9
"2653",2653,6,8,8,0,0.1,0.9
"2654",2654,6,3,3,0,0.1,0.9
"2655",2655,5,2,3,0,0.1,0.9
"2656",2656,5,8,6,0,0.1,0.9
"2657",2657,7,4,2,0,0.1,0.9
"2658",2658,6,6,4,0,0.1,0.9
"2659",2659,1,3,3,0,0.1,0.9
"2660",2660,1,3,5,0,0.1,0.9
"2661",2661,2,5,4,0,0.1,0.9
"2662",2662,7,5,4,0,0.1,0.9
"2663",2663,2,5,6,0,0.1,0.9
"2664",2664,3,1,2,0,0.1,0.9
"2665",2665,2,4,5,0,0.1,0.9
"2666",2666,1,1,2,0,0.1,0.9
"2667",2667,3,3,3,0,0.1,0.9
"2668",2668,5,8,8,0,0.1,0.9
"2669",2669,4,4,3,0,0.1,0.9
"2670",2670,3,6,6,0,0.1,0.9
"2671",2671,2,2,4,0,0.1,0.9
"2672",2672,5,7,6,0,0.1,0.9
"2673",2673,1,1,1,0,0.1,0.9
"2674",2674,5,8,7,0,0.1,0.9
"2675",2675,2,5,4,0,0.1,0.9
"2676",2676,2,5,4,0,0.1,0.9
"2677",2677,6,3,4,0,0.1,0.9
"2678",2678,6,4,3,0,0.1,0.9
"2679",2679,2,4,3,0,0.1,0.9
"2680",2680,4,1,2,0,0.1,0.9
"2681",2681,3,5,5,0,0.1,0.9
"2682",2682,6,6,6,0,0.1,0.9
"2683",2683,7,5,7,0,0.1,0.9
"2684",2684,4,4,4,0,0.1,0.9
"2685",2685,5,8,8,0,0.1,0.9
"2686",2686,1,1,3,0,0.1,0.9
"2687",2687,1,4,4,0,0.1,0.9
"2688",2688,3,6,4,0,0.1,0.9
"2689",2689,6,6,5,0,0.1,0.9
"2690",2690,7,4,3,0,0.1,0.9
"2691",2691,4,6,4,0,0.1,0.9
"2692",2692,6,4,4,0,0.1,0.9
"2693",2693,4,4,3,0,0.1,0.9
"2694",2694,8,8,8,0,0.1,0.9
"2695",2695,7,4,3,0,0.1,0.9
"2696",2696,4,1,2,0,0.1,0.9
"2697",2697,6,8,8,0,0.1,0.9
"2698",2698,8,6,5,0,0.1,0.9
"2699",2699,3,3,4,0,0.1,0.9
"2700",2700,1,1,2,0,0.1,0.9
"2701",2701,6,4,6,0,0.1,0.9
"2702",2702,7,7,8,0,0.1,0.9
"2703",2703,3,3,4,0,0.1,0.9
"2704",2704,5,3,4,0,0.1,0.9
"2705",2705,7,7,6,0,0.1,0.9
"2706",2706,8,5,5,0,0.1,0.9
"2707",2707,6,6,5,0,0.1,0.9
"2708",2708,2,5,3,0,0.1,0.9
"2709",2709,8,6,6,0,0.1,0.9
"2710",2710,2,5,6,0,0.1,0.9
"2711",2711,6,6,6,0,0.1,0.9
"2712",2712,7,4,3,0,0.1,0.9
"2713",2713,7,4,6,0,0.1,0.9
"2714",2714,3,6,4,0,0.1,0.9
"2715",2715,1,4,2,0,0.1,0.9
"2716",2716,4,7,6,0,0.1,0.9
"2717",2717,4,1,2,0,0.1,0.9
"2718",2718,5,3,2,0,0.1,0.9
"2719",2719,7,4,5,0,0.1,0.9
"2720",2720,6,8,6,0,0.1,0.9
"2721",2721,3,1,1,0,0.1,0.9
"2722",2722,4,6,6,0,0.1,0.9
"2723",2723,2,4,5,0,0.1,0.9
"2724",2724,2,4,6,0,0.1,0.9
"2725",2725,1,4,5,0,0.1,0.9
"2726",2726,4,2,4,0,0.1,0.9
"2727",2727,4,2,3,0,0.1,0.9
"2728",2728,5,7,6,0,0.1,0.9
"2729",2729,4,6,3,0,0.1,0.9
"2730",2730,5,7,6,0,0.1,0.9
"2731",2731,7,4,4,0,0.1,0.9
"2732",2732,3,1,3,0,0.1,0.9
"2733",2733,1,1,1,0,0.1,0.9
"2734",2734,7,4,5,0,0.1,0.9
"2735",2735,6,4,6,0,0.1,0.9
"2736",2736,7,7,8,0,0.1,0.9
"2737",2737,7,7,7,0,0.1,0.9
"2738",2738,1,3,3,0,0.1,0.9
"2739",2739,6,4,6,0,0.1,0.9
"2740",2740,5,5,6,0,0.1,0.9
"2741",2741,4,4,4,0,0.1,0.9
"2742",2742,6,8,6,0,0.1,0.9
"2743",2743,1,3,2,0,0.1,0.9
"2744",2744,7,4,6,0,0.1,0.9
"2745",2745,5,8,7,0,0.1,0.9
"2746",2746,1,4,3,0,0.1,0.9
"2747",2747,7,7,5,0,0.1,0.9
"2748",2748,2,2,1,0,0.1,0.9
"2749",2749,3,6,3,0,0.1,0.9
"2750",2750,4,4,5,0,0.1,0.9
"2751",2751,5,8,8,0,0.1,0.9
"2752",2752,3,3,2,0,0.1,0.9
"2753",2753,8,5,4,0,0.1,0.9
"2754",2754,1,3,3,0,0.1,0.9
"2755",2755,1,3,4,0,0.1,0.9
"2756",2756,1,3,2,0,0.1,0.9
"2757",2757,1,4,3,0,0.1,0.9
"2758",2758,4,1,1,0,0.1,0.9
"2759",2759,7,7,7,0,0.1,0.9
"2760",2760,5,5,6,0,0.1,0.9
"2761",2761,8,6,4,0,0.1,0.9
"2762",2762,4,7,6,0,0.1,0.9
"2763",2763,7,4,2,0,0.1,0.9
"2764",2764,3,1,2,0,0.1,0.9
"2765",2765,7,7,6,0,0.1,0.9
"2766",2766,8,5,6,0,0.1,0.9
"2767",2767,2,5,4,0,0.1,0.9
"2768",2768,6,3,4,0,0.1,0.9
"2769",2769,5,5,3,0,0.1,0.9
"2770",2770,6,3,3,0,0.1,0.9
"2771",2771,3,6,4,0,0.1,0.9
"2772",2772,6,6,8,0,0.1,0.9
"2773",2773,6,8,7,0,0.1,0.9
"2774",2774,6,8,6,0,0.1,0.9
"2775",2775,4,6,4,0,0.1,0.9
"2776",2776,5,2,3,0,0.1,0.9
"2777",2777,6,8,8,0,0.1,0.9
"2778",2778,7,5,7,0,0.1,0.9
"2779",2779,6,8,7,0,0.1,0.9
"2780",2780,5,7,5,0,0.1,0.9
"2781",2781,6,6,7,0,0.1,0.9
"2782",2782,4,4,3,0,0.1,0.9
"2783",2783,8,5,5,0,0.1,0.9
"2784",2784,8,5,6,0,0.1,0.9
"2785",2785,5,5,5,0,0.1,0.9
"2786",2786,4,6,7,0,0.1,0.9
"2787",2787,8,6,6,0,0.1,0.9
"2788",2788,3,6,6,0,0.1,0.9
"2789",2789,8,8,7,0,0.1,0.9
"2790",2790,3,6,5,0,0.1,0.9
"2791",2791,4,2,3,0,0.1,0.9
"2792",2792,7,7,8,0,0.1,0.9
"2793",2793,6,6,6,0,0.1,0.9
"2794",2794,6,8,6,0,0.1,0.9
"2795",2795,8,6,7,0,0.1,0.9
"2796",2796,8,5,5,0,0.1,0.9
"2797",2797,7,7,8,0,0.1,0.9
"2798",2798,6,4,2,0,0.1,0.9
"2799",2799,6,4,4,0,0.1,0.9
"2800",2800,4,1,2,0,0.1,0.9
"2801",2801,7,5,7,0,0.1,0.9
"2802",2802,6,3,5,0,0.1,0.9
"2803",2803,3,5,5,0,0.1,0.9
"2804",2804,7,4,5,0,0.1,0.9
"2805",2805,6,3,3,0,0.1,0.9
"2806",2806,1,1,1,0,0.1,0.9
"2807",2807,1,3,5,0,0.1,0.9
"2808",2808,5,3,4,0,0.1,0.9
"2809",2809,8,6,4,0,0.1,0.9
"2810",2810,4,2,2,0,0.1,0.9
"2811",2811,6,8,7,0,0.1,0.9
"2812",2812,1,3,4,0,0.1,0.9
"2813",2813,8,8,7,0,0.1,0.9
"2814",2814,1,3,1,0,0.1,0.9
"2815",2815,3,3,1,0,0.1,0.9
"2816",2816,8,8,7,0,0.1,0.9
"2817",2817,5,3,3,0,0.1,0.9
"2818",2818,3,6,7,0,0.1,0.9
"2819",2819,1,4,5,0,0.1,0.9
"2820",2820,6,3,4,0,0.1,0.9
"2821",2821,5,7,7,0,0.1,0.9
"2822",2822,2,4,4,0,0.1,0.9
"2823",2823,5,5,6,0,0.1,0.9
"2824",2824,7,7,8,0,0.1,0.9
"2825",2825,3,1,2,0,0.1,0.9
"2826",2826,8,8,7,0,0.1,0.9
"2827",2827,6,8,7,0,0.1,0.9
"2828",2828,1,4,6,0,0.1,0.9
"2829",2829,2,4,5,0,0.1,0.9
"2830",2830,5,8,6,0,0.1,0.9
"2831",2831,2,4,2,0,0.1,0.9
"2832",2832,4,1,2,0,0.1,0.9
"2833",2833,6,6,5,0,0.1,0.9
"2834",2834,7,5,4,0,0.1,0.9
"2835",2835,6,3,4,0,0.1,0.9
"2836",2836,3,1,2,0,0.1,0.9
"2837",2837,3,1,2,0,0.1,0.9
"2838",2838,5,8,6,0,0.1,0.9
"2839",2839,5,7,8,0,0.1,0.9
"2840",2840,7,4,5,0,0.1,0.9
"2841",2841,5,5,3,0,0.1,0.9
"2842",2842,7,5,6,0,0.1,0.9
"2843",2843,1,1,3,0,0.1,0.9
"2844",2844,4,1,2,0,0.1,0.9
"2845",2845,7,5,8,0,0.1,0.9
"2846",2846,1,3,3,0,0.1,0.9
"2847",2847,6,3,5,0,0.1,0.9
"2848",2848,6,3,2,0,0.1,0.9
"2849",2849,8,8,7,0,0.1,0.9
"2850",2850,6,6,5,0,0.1,0.9
"2851",2851,2,2,2,0,0.1,0.9
"2852",2852,7,5,5,0,0.1,0.9
"2853",2853,6,3,5,0,0.1,0.9
"2854",2854,8,8,7,0,0.1,0.9
"2855",2855,3,1,3,0,0.1,0.9
"2856",2856,2,2,2,0,0.1,0.9
"2857",2857,6,3,4,0,0.1,0.9
"2858",2858,1,1,3,0,0.1,0.9
"2859",2859,6,6,7,0,0.1,0.9
"2860",2860,6,6,6,0,0.1,0.9
"2861",2861,3,1,1,0,0.1,0.9
"2862",2862,2,4,3,0,0.1,0.9
"2863",2863,3,6,6,0,0.1,0.9
"2864",2864,4,6,6,0,0.1,0.9
"2865",2865,8,5,5,0,0.1,0.9
"2866",2866,6,6,5,0,0.1,0.9
"2867",2867,1,3,4,0,0.1,0.9
"2868",2868,6,4,3,0,0.1,0.9
"2869",2869,5,2,3,0,0.1,0.9
"2870",2870,5,2,2,0,0.1,0.9
"2871",2871,5,7,4,0,0.1,0.9
"2872",2872,8,5,6,0,0.1,0.9
"2873",2873,8,6,7,0,0.1,0.9
"2874",2874,4,6,5,0,0.1,0.9
"2875",2875,5,7,7,0,0.1,0.9
"2876",2876,7,7,7,0,0.1,0.9
"2877",2877,3,6,5,0,0.1,0.9
"2878",2878,4,1,2,0,0.1,0.9
"2879",2879,4,2,1,0,0.1,0.9
"2880",2880,4,7,7,0,0.1,0.9
"2881",2881,6,6,2,0,0.1,0.9
"2882",2882,1,4,5,0,0.1,0.9
"2883",2883,6,6,4,0,0.1,0.9
"2884",2884,6,3,3,0,0.1,0.9
"2885",2885,5,5,6,0,0.1,0.9
"2886",2886,3,6,5,0,0.1,0.9
"2887",2887,8,5,5,0,0.1,0.9
"2888",2888,4,2,3,0,0.1,0.9
"2889",2889,6,8,8,0,0.1,0.9
"2890",2890,8,6,5,0,0.1,0.9
"2891",2891,2,5,5,0,0.1,0.9
"2892",2892,8,8,8,0,0.1,0.9
"2893",2893,4,7,6,0,0.1,0.9
"2894",2894,2,2,1,0,0.1,0.9
"2895",2895,1,3,1,0,0.1,0.9
"2896",2896,8,6,5,0,0.1,0.9
"2897",2897,4,2,3,0,0.1,0.9
"2898",2898,7,5,4,0,0.1,0.9
"2899",2899,6,3,5,0,0.1,0.9
"2900",2900,2,4,5,0,0.1,0.9
"2901",2901,8,6,6,0,0.1,0.9
"2902",2902,6,4,7,0,0.1,0.9
"2903",2903,8,5,6,0,0.1,0.9
"2904",2904,5,3,4,0,0.1,0.9
"2905",2905,8,8,7,0,0.1,0.9
"2906",2906,2,5,6,0,0.1,0.9
"2907",2907,7,7,8,0,0.1,0.9
"2908",2908,7,4,5,0,0.1,0.9
"2909",2909,7,4,3,0,0.1,0.9
"2910",2910,7,7,7,0,0.1,0.9
"2911",2911,1,1,1,0,0.1,0.9
"2912",2912,1,1,1,0,0.1,0.9
"2913",2913,2,5,5,0,0.1,0.9
"2914",2914,3,5,5,0,0.1,0.9
"2915",2915,4,1,2,0,0.1,0.9
"2916",2916,1,4,3,0,0.1,0.9
"2917",2917,3,1,1,0,0.1,0.9
"2918",2918,1,3,2,0,0.1,0.9
"2919",2919,7,7,7,0,0.1,0.9
"2920",2920,1,4,4,0,0.1,0.9
"2921",2921,7,5,6,0,0.1,0.9
"2922",2922,8,8,8,0,0.1,0.9
"2923",2923,8,5,5,0,0.1,0.9
"2924",2924,1,4,5,0,0.1,0.9
"2925",2925,6,4,6,0,0.1,0.9
"2926",2926,2,4,5,0,0.1,0.9
"2927",2927,4,2,3,0,0.1,0.9
"2928",2928,6,6,6,0,0.1,0.9
"2929",2929,8,8,4,0,0.1,0.9
"2930",2930,3,5,5,0,0.1,0.9
"2931",2931,7,5,3,0,0.1,0.9
"2932",2932,8,5,6,0,0.1,0.9
"2933",2933,7,7,8,0,0.1,0.9
"2934",2934,1,1,2,0,0.1,0.9
"2935",2935,8,8,8,0,0.1,0.9
"2936",2936,4,7,6,0,0.1,0.9
"2937",2937,1,3,3,0,0.1,0.9
"2938",2938,1,3,4,0,0.1,0.9
"2939",2939,1,3,1,0,0.1,0.9
"2940",2940,8,8,8,0,0.1,0.9
"2941",2941,5,8,7,0,0.1,0.9
"2942",2942,2,4,2,0,0.1,0.9
"2943",2943,6,6,5,0,0.1,0.9
"2944",2944,7,7,6,0,0.1,0.9
"2945",2945,1,3,4,0,0.1,0.9
"2946",2946,6,8,8,0,0.1,0.9
"2947",2947,4,7,7,0,0.1,0.9
"2948",2948,4,2,5,0,0.1,0.9
"2949",2949,8,8,8,0,0.1,0.9
"2950",2950,6,8,7,0,0.1,0.9
"2951",2951,5,5,5,0,0.1,0.9
"2952",2952,5,7,4,0,0.1,0.9
"2953",2953,7,5,3,0,0.1,0.9
"2954",2954,3,6,4,0,0.1,0.9
"2955",2955,5,5,5,0,0.1,0.9
"2956",2956,4,6,5,0,0.1,0.9
"2957",2957,8,6,5,0,0.1,0.9
"2958",2958,1,1,3,0,0.1,0.9
"2959",2959,7,7,7,0,0.1,0.9
"2960",2960,2,4,6,0,0.1,0.9
"2961",2961,3,6,2,0,0.1,0.9
"2962",2962,3,3,2,0,0.1,0.9
"2963",2963,1,3,5,0,0.1,0.9
"2964",2964,1,4,5,0,0.1,0.9
"2965",2965,5,3,1,0,0.1,0.9
"2966",2966,6,4,6,0,0.1,0.9
"2967",2967,1,1,1,0,0.1,0.9
"2968",2968,6,6,8,0,0.1,0.9
"2969",2969,3,3,3,0,0.1,0.9
"2970",2970,5,2,2,0,0.1,0.9
"2971",2971,4,2,3,0,0.1,0.9
"2972",2972,7,5,3,0,0.1,0.9
"2973",2973,4,2,4,0,0.1,0.9
"2974",2974,6,8,8,0,0.1,0.9
"2975",2975,7,4,4,0,0.1,0.9
"2976",2976,7,7,6,0,0.1,0.9
"2977",2977,4,7,6,0,0.1,0.9
"2978",2978,7,4,6,0,0.1,0.9
"2979",2979,8,8,8,0,0.1,0.9
"2980",2980,8,6,6,0,0.1,0.9
"2981",2981,6,3,2,0,0.1,0.9
"2982",2982,5,8,7,0,0.1,0.9
"2983",2983,5,2,3,0,0.1,0.9
"2984",2984,8,5,6,0,0.1,0.9
"2985",2985,5,2,2,0,0.1,0.9
"2986",2986,4,4,2,0,0.1,0.9
"2987",2987,4,1,3,0,0.1,0.9
"2988",2988,2,2,4,0,0.1,0.9
"2989",2989,8,6,5,0,0.1,0.9
"2990",2990,3,1,1,0,0.1,0.9
"2991",2991,2,4,5,0,0.1,0.9
"2992",2992,4,7,4,0,0.1,0.9
"2993",2993,5,3,2,0,0.1,0.9
"2994",2994,2,4,4,0,0.1,0.9
"2995",2995,8,5,6,0,0.1,0.9
"2996",2996,7,4,6,0,0.1,0.9
"2997",2997,5,7,7,0,0.1,0.9
"2998",2998,8,6,5,0,0.1,0.9
"2999",2999,7,5,4,0,0.1,0.9
"3000",3000,5,8,8,0,0.1,0.9
