"","Trials","FirstRating","GroupRating","SecondRating","Choice","Bias","Weight_first","Weight_group"
"1",1,5,7,6,1,0,0.5,0.5
"2",2,6,3,4,1,0,0.5,0.5
"3",3,4,4,4,0,0,0.5,0.5
"4",4,8,6,7,0,0,0.5,0.5
"5",5,2,4,3,0,0,0.5,0.5
"6",6,1,3,2,0,0,0.5,0.5
"7",7,3,1,2,1,0,0.5,0.5
"8",8,2,2,2,1,0,0.5,0.5
"9",9,8,8,8,1,0,0.5,0.5
"10",10,8,5,7,1,0,0.5,0.5
"11",11,5,7,6,1,0,0.5,0.5
"12",12,1,3,2,0,0,0.5,0.5
"13",13,1,1,1,0,0,0.5,0.5
"14",14,5,3,4,0,0,0.5,0.5
"15",15,3,3,3,0,0,0.5,0.5
"16",16,3,3,3,0,0,0.5,0.5
"17",17,3,3,3,1,0,0.5,0.5
"18",18,7,5,6,1,0,0.5,0.5
"19",19,5,3,4,0,0,0.5,0.5
"20",20,1,1,1,0,0,0.5,0.5
"21",21,1,4,2,0,0,0.5,0.5
"22",22,5,8,7,1,0,0.5,0.5
"23",23,1,1,1,0,0,0.5,0.5
"24",24,5,5,5,1,0,0.5,0.5
"25",25,4,1,2,0,0,0.5,0.5
"26",26,1,4,2,0,0,0.5,0.5
"27",27,6,3,4,1,0,0.5,0.5
"28",28,7,7,7,1,0,0.5,0.5
"29",29,8,5,7,1,0,0.5,0.5
"30",30,4,7,6,0,0,0.5,0.5
"31",31,2,5,3,1,0,0.5,0.5
"32",32,8,5,7,1,0,0.5,0.5
"33",33,7,4,6,1,0,0.5,0.5
"34",34,6,4,5,0,0,0.5,0.5
"35",35,4,2,3,1,0,0.5,0.5
"36",36,8,6,7,1,0,0.5,0.5
"37",37,4,6,5,0,0,0.5,0.5
"38",38,6,3,4,1,0,0.5,0.5
"39",39,2,2,2,0,0,0.5,0.5
"40",40,5,3,4,0,0,0.5,0.5
"41",41,6,6,6,0,0,0.5,0.5
"42",42,7,7,7,0,0,0.5,0.5
"43",43,4,4,4,1,0,0.5,0.5
"44",44,3,5,4,1,0,0.5,0.5
"45",45,6,6,6,1,0,0.5,0.5
"46",46,4,6,5,1,0,0.5,0.5
"47",47,6,3,4,1,0,0.5,0.5
"48",48,7,5,6,1,0,0.5,0.5
"49",49,4,1,2,0,0,0.5,0.5
"50",50,3,3,3,0,0,0.5,0.5
"51",51,6,4,5,0,0,0.5,0.5
"52",52,6,8,7,0,0,0.5,0.5
"53",53,1,1,1,0,0,0.5,0.5
"54",54,6,8,7,1,0,0.5,0.5
"55",55,3,1,2,0,0,0.5,0.5
"56",56,6,6,6,0,0,0.5,0.5
"57",57,6,3,4,0,0,0.5,0.5
"58",58,4,6,5,0,0,0.5,0.5
"59",59,2,5,3,0,0,0.5,0.5
"60",60,2,2,2,0,0,0.5,0.5
"61",61,2,2,2,0,0,0.5,0.5
"62",62,7,7,7,0,0,0.5,0.5
"63",63,6,4,5,0,0,0.5,0.5
"64",64,8,8,8,1,0,0.5,0.5
"65",65,1,1,1,0,0,0.5,0.5
"66",66,8,8,8,1,0,0.5,0.5
"67",67,7,4,6,1,0,0.5,0.5
"68",68,6,8,7,1,0,0.5,0.5
"69",69,8,8,8,0,0,0.5,0.5
"70",70,8,8,8,1,0,0.5,0.5
"71",71,5,8,7,0,0,0.5,0.5
"72",72,8,5,7,1,0,0.5,0.5
"73",73,5,3,4,0,0,0.5,0.5
"74",74,2,5,3,0,0,0.5,0.5
"75",75,4,2,3,1,0,0.5,0.5
"76",76,6,3,4,0,0,0.5,0.5
"77",77,1,1,1,0,0,0.5,0.5
"78",78,1,3,2,0,0,0.5,0.5
"79",79,8,6,7,1,0,0.5,0.5
"80",80,1,1,1,1,0,0.5,0.5
"81",81,1,1,1,0,0,0.5,0.5
"82",82,1,3,2,1,0,0.5,0.5
"83",83,3,1,2,0,0,0.5,0.5
"84",84,2,5,3,1,0,0.5,0.5
"85",85,1,1,1,0,0,0.5,0.5
"86",86,4,1,2,0,0,0.5,0.5
"87",87,1,3,2,0,0,0.5,0.5
"88",88,4,6,5,1,0,0.5,0.5
"89",89,8,8,8,1,0,0.5,0.5
"90",90,3,5,4,0,0,0.5,0.5
"91",91,2,2,2,0,0,0.5,0.5
"92",92,5,2,3,0,0,0.5,0.5
"93",93,6,4,5,0,0,0.5,0.5
"94",94,3,1,2,0,0,0.5,0.5
"95",95,5,7,6,0,0,0.5,0.5
"96",96,4,4,4,1,0,0.5,0.5
"97",97,7,5,6,1,0,0.5,0.5
"98",98,3,3,3,1,0,0.5,0.5
"99",99,6,6,6,1,0,0.5,0.5
"100",100,7,7,7,0,0,0.5,0.5
"101",101,7,7,7,1,0,0.5,0.5
"102",102,7,4,6,0,0,0.5,0.5
"103",103,2,5,3,1,0,0.5,0.5
"104",104,8,8,8,1,0,0.5,0.5
"105",105,6,3,4,0,0,0.5,0.5
"106",106,3,1,2,0,0,0.5,0.5
"107",107,3,3,3,0,0,0.5,0.5
"108",108,7,4,6,0,0,0.5,0.5
"109",109,5,7,6,0,0,0.5,0.5
"110",110,6,6,6,1,0,0.5,0.5
"111",111,3,6,4,0,0,0.5,0.5
"112",112,5,3,4,1,0,0.5,0.5
"113",113,8,8,8,1,0,0.5,0.5
"114",114,1,1,1,0,0,0.5,0.5
"115",115,5,2,3,0,0,0.5,0.5
"116",116,4,4,4,0,0,0.5,0.5
"117",117,1,4,2,0,0,0.5,0.5
"118",118,1,4,2,1,0,0.5,0.5
"119",119,3,5,4,0,0,0.5,0.5
"120",120,5,5,5,0,0,0.5,0.5
"121",121,2,5,3,0,0,0.5,0.5
"122",122,4,7,6,1,0,0.5,0.5
"123",123,2,2,2,0,0,0.5,0.5
"124",124,5,8,7,1,0,0.5,0.5
"125",125,1,3,2,0,0,0.5,0.5
"126",126,6,3,4,1,0,0.5,0.5
"127",127,8,5,7,1,0,0.5,0.5
"128",128,1,4,2,1,0,0.5,0.5
"129",129,5,7,6,1,0,0.5,0.5
"130",130,6,4,5,1,0,0.5,0.5
"131",131,5,3,4,0,0,0.5,0.5
"132",132,8,6,7,1,0,0.5,0.5
"133",133,4,7,6,1,0,0.5,0.5
"134",134,3,5,4,1,0,0.5,0.5
"135",135,8,5,7,1,0,0.5,0.5
"136",136,8,5,7,1,0,0.5,0.5
"137",137,4,6,5,0,0,0.5,0.5
"138",138,3,5,4,0,0,0.5,0.5
"139",139,6,4,5,1,0,0.5,0.5
"140",140,5,5,5,1,0,0.5,0.5
"141",141,2,5,3,1,0,0.5,0.5
"142",142,5,3,4,1,0,0.5,0.5
"143",143,8,6,7,0,0,0.5,0.5
"144",144,7,7,7,1,0,0.5,0.5
"145",145,2,4,3,0,0,0.5,0.5
"146",146,7,7,7,1,0,0.5,0.5
"147",147,2,4,3,0,0,0.5,0.5
"148",148,6,8,7,1,0,0.5,0.5
"149",149,4,1,2,0,0,0.5,0.5
"150",150,7,7,7,1,0,0.5,0.5
"151",151,7,7,7,1,0,0.5,0.5
"152",152,5,3,4,0,0,0.5,0.5
"153",153,6,8,7,1,0,0.5,0.5
"154",154,6,3,4,0,0,0.5,0.5
"155",155,1,4,2,0,0,0.5,0.5
"156",156,5,7,6,1,0,0.5,0.5
"157",157,5,5,5,0,0,0.5,0.5
"158",158,1,1,1,0,0,0.5,0.5
"159",159,6,4,5,1,0,0.5,0.5
"160",160,2,2,2,0,0,0.5,0.5
"161",161,8,6,7,1,0,0.5,0.5
"162",162,3,1,2,0,0,0.5,0.5
"163",163,8,6,7,0,0,0.5,0.5
"164",164,8,8,8,1,0,0.5,0.5
"165",165,5,3,4,1,0,0.5,0.5
"166",166,2,5,3,1,0,0.5,0.5
"167",167,8,8,8,1,0,0.5,0.5
"168",168,8,5,7,0,0,0.5,0.5
"169",169,7,7,7,1,0,0.5,0.5
"170",170,3,1,2,0,0,0.5,0.5
"171",171,5,2,3,0,0,0.5,0.5
"172",172,5,8,7,1,0,0.5,0.5
"173",173,1,4,2,0,0,0.5,0.5
"174",174,4,1,2,1,0,0.5,0.5
"175",175,8,8,8,1,0,0.5,0.5
"176",176,6,6,6,1,0,0.5,0.5
"177",177,4,7,6,1,0,0.5,0.5
"178",178,5,5,5,1,0,0.5,0.5
"179",179,4,1,2,0,0,0.5,0.5
"180",180,1,3,2,0,0,0.5,0.5
"181",181,2,2,2,0,0,0.5,0.5
"182",182,1,3,2,1,0,0.5,0.5
"183",183,5,8,7,1,0,0.5,0.5
"184",184,4,2,3,0,0,0.5,0.5
"185",185,3,3,3,0,0,0.5,0.5
"186",186,8,6,7,1,0,0.5,0.5
"187",187,3,1,2,0,0,0.5,0.5
"188",188,3,5,4,1,0,0.5,0.5
"189",189,2,5,3,0,0,0.5,0.5
"190",190,3,1,2,0,0,0.5,0.5
"191",191,6,8,7,1,0,0.5,0.5
"192",192,3,3,3,0,0,0.5,0.5
"193",193,3,1,2,0,0,0.5,0.5
"194",194,1,3,2,0,0,0.5,0.5
"195",195,4,4,4,0,0,0.5,0.5
"196",196,4,4,4,0,0,0.5,0.5
"197",197,8,5,7,1,0,0.5,0.5
"198",198,5,5,5,0,0,0.5,0.5
"199",199,7,5,6,0,0,0.5,0.5
"200",200,8,5,7,1,0,0.5,0.5
"201",201,8,6,7,1,0,0.5,0.5
"202",202,5,3,4,1,0,0.5,0.5
"203",203,2,2,2,0,0,0.5,0.5
"204",204,7,4,6,1,0,0.5,0.5
"205",205,1,3,2,0,0,0.5,0.5
"206",206,5,5,5,1,0,0.5,0.5
"207",207,7,4,6,1,0,0.5,0.5
"208",208,7,5,6,1,0,0.5,0.5
"209",209,7,4,6,1,0,0.5,0.5
"210",210,4,1,2,0,0,0.5,0.5
"211",211,7,4,6,1,0,0.5,0.5
"212",212,1,4,2,0,0,0.5,0.5
"213",213,7,7,7,1,0,0.5,0.5
"214",214,1,4,2,0,0,0.5,0.5
"215",215,1,4,2,0,0,0.5,0.5
"216",216,6,8,7,1,0,0.5,0.5
"217",217,8,5,7,1,0,0.5,0.5
"218",218,4,6,5,0,0,0.5,0.5
"219",219,4,1,2,0,0,0.5,0.5
"220",220,5,2,3,0,0,0.5,0.5
"221",221,2,5,3,1,0,0.5,0.5
"222",222,6,8,7,1,0,0.5,0.5
"223",223,1,1,1,0,0,0.5,0.5
"224",224,3,1,2,0,0,0.5,0.5
"225",225,7,5,6,1,0,0.5,0.5
"226",226,3,6,4,1,0,0.5,0.5
"227",227,1,3,2,0,0,0.5,0.5
"228",228,7,5,6,1,0,0.5,0.5
"229",229,3,1,2,1,0,0.5,0.5
"230",230,7,4,6,0,0,0.5,0.5
"231",231,2,2,2,0,0,0.5,0.5
"232",232,3,1,2,1,0,0.5,0.5
"233",233,6,4,5,1,0,0.5,0.5
"234",234,3,1,2,0,0,0.5,0.5
"235",235,5,2,3,0,0,0.5,0.5
"236",236,3,6,4,0,0,0.5,0.5
"237",237,2,4,3,0,0,0.5,0.5
"238",238,7,4,6,0,0,0.5,0.5
"239",239,3,3,3,0,0,0.5,0.5
"240",240,1,4,2,1,0,0.5,0.5
"241",241,1,4,2,1,0,0.5,0.5
"242",242,2,5,3,1,0,0.5,0.5
"243",243,4,4,4,0,0,0.5,0.5
"244",244,3,1,2,0,0,0.5,0.5
"245",245,7,5,6,1,0,0.5,0.5
"246",246,1,3,2,0,0,0.5,0.5
"247",247,5,2,3,1,0,0.5,0.5
"248",248,1,3,2,0,0,0.5,0.5
"249",249,1,3,2,1,0,0.5,0.5
"250",250,1,4,2,0,0,0.5,0.5
"251",251,4,1,2,0,0,0.5,0.5
"252",252,3,3,3,0,0,0.5,0.5
"253",253,2,4,3,0,0,0.5,0.5
"254",254,4,1,2,1,0,0.5,0.5
"255",255,8,5,7,1,0,0.5,0.5
"256",256,8,5,7,1,0,0.5,0.5
"257",257,4,7,6,1,0,0.5,0.5
"258",258,2,2,2,0,0,0.5,0.5
"259",259,3,5,4,0,0,0.5,0.5
"260",260,1,4,2,0,0,0.5,0.5
"261",261,4,7,6,1,0,0.5,0.5
"262",262,3,1,2,0,0,0.5,0.5
"263",263,4,4,4,0,0,0.5,0.5
"264",264,7,7,7,1,0,0.5,0.5
"265",265,7,7,7,1,0,0.5,0.5
"266",266,2,5,3,1,0,0.5,0.5
"267",267,3,1,2,0,0,0.5,0.5
"268",268,5,7,6,0,0,0.5,0.5
"269",269,6,6,6,0,0,0.5,0.5
"270",270,4,7,6,1,0,0.5,0.5
"271",271,3,5,4,1,0,0.5,0.5
"272",272,7,4,6,0,0,0.5,0.5
"273",273,5,5,5,1,0,0.5,0.5
"274",274,8,5,7,0,0,0.5,0.5
"275",275,5,2,3,0,0,0.5,0.5
"276",276,1,3,2,0,0,0.5,0.5
"277",277,5,2,3,0,0,0.5,0.5
"278",278,8,5,7,1,0,0.5,0.5
"279",279,3,6,4,1,0,0.5,0.5
"280",280,3,3,3,0,0,0.5,0.5
"281",281,3,1,2,1,0,0.5,0.5
"282",282,8,8,8,1,0,0.5,0.5
"283",283,7,4,6,1,0,0.5,0.5
"284",284,8,8,8,1,0,0.5,0.5
"285",285,4,1,2,0,0,0.5,0.5
"286",286,6,4,5,1,0,0.5,0.5
"287",287,7,7,7,0,0,0.5,0.5
"288",288,6,3,4,0,0,0.5,0.5
"289",289,5,7,6,1,0,0.5,0.5
"290",290,2,2,2,0,0,0.5,0.5
"291",291,7,5,6,0,0,0.5,0.5
"292",292,3,3,3,1,0,0.5,0.5
"293",293,4,2,3,0,0,0.5,0.5
"294",294,3,5,4,0,0,0.5,0.5
"295",295,2,2,2,0,0,0.5,0.5
"296",296,1,1,1,0,0,0.5,0.5
"297",297,1,1,1,0,0,0.5,0.5
"298",298,3,6,4,1,0,0.5,0.5
"299",299,8,5,7,0,0,0.5,0.5
"300",300,4,6,5,0,0,0.5,0.5
"301",301,1,1,1,0,0,0.5,0.5
"302",302,4,4,4,0,0,0.5,0.5
"303",303,7,4,6,0,0,0.5,0.5
"304",304,4,1,2,0,0,0.5,0.5
"305",305,1,1,1,0,0,0.5,0.5
"306",306,1,1,1,0,0,0.5,0.5
"307",307,5,8,7,0,0,0.5,0.5
"308",308,1,1,1,0,0,0.5,0.5
"309",309,6,3,4,1,0,0.5,0.5
"310",310,4,1,2,0,0,0.5,0.5
"311",311,3,6,4,1,0,0.5,0.5
"312",312,5,3,4,0,0,0.5,0.5
"313",313,1,3,2,1,0,0.5,0.5
"314",314,4,4,4,1,0,0.5,0.5
"315",315,7,5,6,1,0,0.5,0.5
"316",316,4,6,5,1,0,0.5,0.5
"317",317,5,5,5,0,0,0.5,0.5
"318",318,5,8,7,1,0,0.5,0.5
"319",319,1,4,2,1,0,0.5,0.5
"320",320,1,4,2,0,0,0.5,0.5
"321",321,6,8,7,1,0,0.5,0.5
"322",322,7,7,7,0,0,0.5,0.5
"323",323,4,7,6,0,0,0.5,0.5
"324",324,2,5,3,0,0,0.5,0.5
"325",325,4,4,4,0,0,0.5,0.5
"326",326,8,8,8,1,0,0.5,0.5
"327",327,2,5,3,0,0,0.5,0.5
"328",328,7,5,6,0,0,0.5,0.5
"329",329,2,5,3,0,0,0.5,0.5
"330",330,6,6,6,0,0,0.5,0.5
"331",331,8,8,8,1,0,0.5,0.5
"332",332,8,5,7,1,0,0.5,0.5
"333",333,4,6,5,1,0,0.5,0.5
"334",334,4,1,2,1,0,0.5,0.5
"335",335,8,5,7,1,0,0.5,0.5
"336",336,2,5,3,0,0,0.5,0.5
"337",337,7,5,6,1,0,0.5,0.5
"338",338,5,8,7,1,0,0.5,0.5
"339",339,7,5,6,1,0,0.5,0.5
"340",340,2,5,3,0,0,0.5,0.5
"341",341,1,1,1,1,0,0.5,0.5
"342",342,1,3,2,0,0,0.5,0.5
"343",343,6,4,5,1,0,0.5,0.5
"344",344,5,3,4,0,0,0.5,0.5
"345",345,1,3,2,0,0,0.5,0.5
"346",346,3,5,4,1,0,0.5,0.5
"347",347,7,7,7,1,0,0.5,0.5
"348",348,4,6,5,1,0,0.5,0.5
"349",349,2,4,3,1,0,0.5,0.5
"350",350,2,4,3,1,0,0.5,0.5
"351",351,1,3,2,0,0,0.5,0.5
"352",352,2,5,3,0,0,0.5,0.5
"353",353,3,1,2,0,0,0.5,0.5
"354",354,6,3,4,0,0,0.5,0.5
"355",355,1,3,2,0,0,0.5,0.5
"356",356,1,4,2,0,0,0.5,0.5
"357",357,3,6,4,1,0,0.5,0.5
"358",358,6,8,7,1,0,0.5,0.5
"359",359,2,4,3,0,0,0.5,0.5
"360",360,6,6,6,1,0,0.5,0.5
"361",361,4,7,6,1,0,0.5,0.5
"362",362,3,5,4,1,0,0.5,0.5
"363",363,5,2,3,1,0,0.5,0.5
"364",364,5,3,4,0,0,0.5,0.5
"365",365,3,1,2,0,0,0.5,0.5
"366",366,5,2,3,0,0,0.5,0.5
"367",367,2,4,3,0,0,0.5,0.5
"368",368,4,6,5,0,0,0.5,0.5
"369",369,7,7,7,1,0,0.5,0.5
"370",370,7,4,6,1,0,0.5,0.5
"371",371,1,4,2,0,0,0.5,0.5
"372",372,5,8,7,1,0,0.5,0.5
"373",373,8,6,7,1,0,0.5,0.5
"374",374,8,8,8,1,0,0.5,0.5
"375",375,6,6,6,0,0,0.5,0.5
"376",376,4,1,2,0,0,0.5,0.5
"377",377,7,4,6,0,0,0.5,0.5
"378",378,5,2,3,1,0,0.5,0.5
"379",379,6,3,4,0,0,0.5,0.5
"380",380,4,6,5,0,0,0.5,0.5
"381",381,3,1,2,0,0,0.5,0.5
"382",382,8,6,7,0,0,0.5,0.5
"383",383,3,6,4,0,0,0.5,0.5
"384",384,5,7,6,1,0,0.5,0.5
"385",385,5,8,7,1,0,0.5,0.5
"386",386,2,4,3,1,0,0.5,0.5
"387",387,8,6,7,0,0,0.5,0.5
"388",388,7,5,6,1,0,0.5,0.5
"389",389,6,3,4,1,0,0.5,0.5
"390",390,7,7,7,0,0,0.5,0.5
"391",391,5,3,4,0,0,0.5,0.5
"392",392,4,1,2,0,0,0.5,0.5
"393",393,3,6,4,1,0,0.5,0.5
"394",394,8,6,7,1,0,0.5,0.5
"395",395,4,7,6,1,0,0.5,0.5
"396",396,3,3,3,0,0,0.5,0.5
"397",397,4,7,6,1,0,0.5,0.5
"398",398,7,4,6,1,0,0.5,0.5
"399",399,4,4,4,1,0,0.5,0.5
"400",400,6,6,6,1,0,0.5,0.5
"401",401,3,3,3,0,0,0.5,0.5
"402",402,2,4,3,1,0,0.5,0.5
"403",403,3,6,4,0,0,0.5,0.5
"404",404,5,2,3,0,0,0.5,0.5
"405",405,8,5,7,1,0,0.5,0.5
"406",406,7,7,7,1,0,0.5,0.5
"407",407,6,4,5,1,0,0.5,0.5
"408",408,1,4,2,0,0,0.5,0.5
"409",409,6,4,5,0,0,0.5,0.5
"410",410,3,3,3,1,0,0.5,0.5
"411",411,8,8,8,0,0,0.5,0.5
"412",412,8,6,7,1,0,0.5,0.5
"413",413,2,5,3,0,0,0.5,0.5
"414",414,5,8,7,1,0,0.5,0.5
"415",415,6,3,4,0,0,0.5,0.5
"416",416,8,8,8,1,0,0.5,0.5
"417",417,5,5,5,0,0,0.5,0.5
"418",418,2,5,3,0,0,0.5,0.5
"419",419,3,1,2,0,0,0.5,0.5
"420",420,1,1,1,0,0,0.5,0.5
"421",421,8,6,7,1,0,0.5,0.5
"422",422,5,5,5,1,0,0.5,0.5
"423",423,1,4,2,1,0,0.5,0.5
"424",424,7,7,7,1,0,0.5,0.5
"425",425,7,5,6,0,0,0.5,0.5
"426",426,6,3,4,0,0,0.5,0.5
"427",427,8,5,7,0,0,0.5,0.5
"428",428,2,5,3,1,0,0.5,0.5
"429",429,8,6,7,0,0,0.5,0.5
"430",430,1,4,2,1,0,0.5,0.5
"431",431,7,4,6,1,0,0.5,0.5
"432",432,4,6,5,1,0,0.5,0.5
"433",433,4,2,3,0,0,0.5,0.5
"434",434,4,1,2,0,0,0.5,0.5
"435",435,8,6,7,0,0,0.5,0.5
"436",436,5,7,6,1,0,0.5,0.5
"437",437,6,3,4,0,0,0.5,0.5
"438",438,6,3,4,1,0,0.5,0.5
"439",439,1,1,1,0,0,0.5,0.5
"440",440,7,7,7,1,0,0.5,0.5
"441",441,8,6,7,1,0,0.5,0.5
"442",442,8,8,8,1,0,0.5,0.5
"443",443,5,2,3,1,0,0.5,0.5
"444",444,5,2,3,1,0,0.5,0.5
"445",445,3,3,3,1,0,0.5,0.5
"446",446,8,8,8,0,0,0.5,0.5
"447",447,7,7,7,0,0,0.5,0.5
"448",448,8,5,7,1,0,0.5,0.5
"449",449,7,5,6,1,0,0.5,0.5
"450",450,5,5,5,0,0,0.5,0.5
"451",451,7,4,6,1,0,0.5,0.5
"452",452,8,8,8,1,0,0.5,0.5
"453",453,6,3,4,0,0,0.5,0.5
"454",454,7,4,6,1,0,0.5,0.5
"455",455,2,2,2,0,0,0.5,0.5
"456",456,5,5,5,1,0,0.5,0.5
"457",457,7,5,6,1,0,0.5,0.5
"458",458,3,3,3,0,0,0.5,0.5
"459",459,6,3,4,0,0,0.5,0.5
"460",460,5,3,4,0,0,0.5,0.5
"461",461,4,4,4,1,0,0.5,0.5
"462",462,1,3,2,0,0,0.5,0.5
"463",463,8,8,8,1,0,0.5,0.5
"464",464,6,3,4,1,0,0.5,0.5
"465",465,7,4,6,1,0,0.5,0.5
"466",466,4,4,4,1,0,0.5,0.5
"467",467,4,2,3,1,0,0.5,0.5
"468",468,1,1,1,0,0,0.5,0.5
"469",469,7,4,6,1,0,0.5,0.5
"470",470,6,3,4,0,0,0.5,0.5
"471",471,7,5,6,0,0,0.5,0.5
"472",472,1,3,2,0,0,0.5,0.5
"473",473,6,3,4,0,0,0.5,0.5
"474",474,5,8,7,0,0,0.5,0.5
"475",475,7,7,7,1,0,0.5,0.5
"476",476,2,5,3,1,0,0.5,0.5
"477",477,4,6,5,1,0,0.5,0.5
"478",478,7,5,6,0,0,0.5,0.5
"479",479,1,3,2,0,0,0.5,0.5
"480",480,4,6,5,1,0,0.5,0.5
"481",481,1,3,2,1,0,0.5,0.5
"482",482,3,6,4,1,0,0.5,0.5
"483",483,6,8,7,1,0,0.5,0.5
"484",484,5,3,4,1,0,0.5,0.5
"485",485,4,6,5,1,0,0.5,0.5
"486",486,8,8,8,0,0,0.5,0.5
"487",487,7,7,7,1,0,0.5,0.5
"488",488,1,4,2,0,0,0.5,0.5
"489",489,5,8,7,0,0,0.5,0.5
"490",490,1,3,2,0,0,0.5,0.5
"491",491,8,8,8,1,0,0.5,0.5
"492",492,2,5,3,0,0,0.5,0.5
"493",493,1,3,2,0,0,0.5,0.5
"494",494,6,8,7,1,0,0.5,0.5
"495",495,4,4,4,1,0,0.5,0.5
"496",496,1,3,2,0,0,0.5,0.5
"497",497,6,6,6,1,0,0.5,0.5
"498",498,8,5,7,1,0,0.5,0.5
"499",499,3,1,2,0,0,0.5,0.5
"500",500,3,6,4,0,0,0.5,0.5
"501",501,7,5,6,1,0,0.5,0.5
"502",502,3,6,4,1,0,0.5,0.5
"503",503,5,7,6,1,0,0.5,0.5
"504",504,4,2,3,0,0,0.5,0.5
"505",505,6,6,6,1,0,0.5,0.5
"506",506,2,4,3,0,0,0.5,0.5
"507",507,1,3,2,1,0,0.5,0.5
"508",508,6,4,5,1,0,0.5,0.5
"509",509,1,1,1,0,0,0.5,0.5
"510",510,7,7,7,1,0,0.5,0.5
"511",511,2,4,3,0,0,0.5,0.5
"512",512,6,3,4,1,0,0.5,0.5
"513",513,2,2,2,0,0,0.5,0.5
"514",514,4,2,3,1,0,0.5,0.5
"515",515,1,3,2,0,0,0.5,0.5
"516",516,4,2,3,0,0,0.5,0.5
"517",517,2,4,3,1,0,0.5,0.5
"518",518,2,2,2,0,0,0.5,0.5
"519",519,8,8,8,0,0,0.5,0.5
"520",520,2,5,3,0,0,0.5,0.5
"521",521,5,5,5,0,0,0.5,0.5
"522",522,6,8,7,1,0,0.5,0.5
"523",523,6,8,7,1,0,0.5,0.5
"524",524,2,4,3,0,0,0.5,0.5
"525",525,5,7,6,0,0,0.5,0.5
"526",526,5,2,3,0,0,0.5,0.5
"527",527,2,4,3,1,0,0.5,0.5
"528",528,4,6,5,0,0,0.5,0.5
"529",529,2,4,3,0,0,0.5,0.5
"530",530,7,5,6,1,0,0.5,0.5
"531",531,4,6,5,0,0,0.5,0.5
"532",532,2,4,3,0,0,0.5,0.5
"533",533,8,5,7,1,0,0.5,0.5
"534",534,6,4,5,0,0,0.5,0.5
"535",535,1,4,2,0,0,0.5,0.5
"536",536,5,5,5,0,0,0.5,0.5
"537",537,6,4,5,0,0,0.5,0.5
"538",538,5,2,3,1,0,0.5,0.5
"539",539,6,6,6,1,0,0.5,0.5
"540",540,2,4,3,0,0,0.5,0.5
"541",541,6,6,6,1,0,0.5,0.5
"542",542,4,7,6,0,0,0.5,0.5
"543",543,2,5,3,1,0,0.5,0.5
"544",544,7,4,6,0,0,0.5,0.5
"545",545,5,5,5,0,0,0.5,0.5
"546",546,6,8,7,1,0,0.5,0.5
"547",547,4,7,6,1,0,0.5,0.5
"548",548,8,6,7,0,0,0.5,0.5
"549",549,3,1,2,0,0,0.5,0.5
"550",550,4,7,6,1,0,0.5,0.5
"551",551,8,5,7,1,0,0.5,0.5
"552",552,4,6,5,0,0,0.5,0.5
"553",553,3,1,2,1,0,0.5,0.5
"554",554,5,2,3,1,0,0.5,0.5
"555",555,7,7,7,1,0,0.5,0.5
"556",556,8,6,7,1,0,0.5,0.5
"557",557,1,1,1,0,0,0.5,0.5
"558",558,2,2,2,0,0,0.5,0.5
"559",559,1,4,2,1,0,0.5,0.5
"560",560,3,1,2,1,0,0.5,0.5
"561",561,1,1,1,1,0,0.5,0.5
"562",562,8,6,7,1,0,0.5,0.5
"563",563,8,6,7,1,0,0.5,0.5
"564",564,1,4,2,0,0,0.5,0.5
"565",565,4,7,6,1,0,0.5,0.5
"566",566,7,5,6,1,0,0.5,0.5
"567",567,6,6,6,1,0,0.5,0.5
"568",568,7,7,7,1,0,0.5,0.5
"569",569,5,3,4,0,0,0.5,0.5
"570",570,7,7,7,1,0,0.5,0.5
"571",571,6,6,6,0,0,0.5,0.5
"572",572,2,4,3,0,0,0.5,0.5
"573",573,6,3,4,1,0,0.5,0.5
"574",574,7,4,6,1,0,0.5,0.5
"575",575,5,3,4,1,0,0.5,0.5
"576",576,6,4,5,0,0,0.5,0.5
"577",577,1,1,1,0,0,0.5,0.5
"578",578,8,6,7,1,0,0.5,0.5
"579",579,3,6,4,1,0,0.5,0.5
"580",580,7,4,6,1,0,0.5,0.5
"581",581,8,6,7,1,0,0.5,0.5
"582",582,7,4,6,1,0,0.5,0.5
"583",583,8,6,7,1,0,0.5,0.5
"584",584,8,6,7,1,0,0.5,0.5
"585",585,5,3,4,0,0,0.5,0.5
"586",586,6,3,4,0,0,0.5,0.5
"587",587,3,1,2,0,0,0.5,0.5
"588",588,6,6,6,0,0,0.5,0.5
"589",589,7,4,6,0,0,0.5,0.5
"590",590,8,5,7,1,0,0.5,0.5
"591",591,5,5,5,1,0,0.5,0.5
"592",592,5,3,4,0,0,0.5,0.5
"593",593,8,8,8,1,0,0.5,0.5
"594",594,4,2,3,1,0,0.5,0.5
"595",595,3,6,4,1,0,0.5,0.5
"596",596,6,3,4,1,0,0.5,0.5
"597",597,8,5,7,0,0,0.5,0.5
"598",598,3,3,3,0,0,0.5,0.5
"599",599,6,4,5,0,0,0.5,0.5
"600",600,1,3,2,0,0,0.5,0.5
"601",601,6,8,7,0,0,0.5,0.5
"602",602,5,3,4,0,0,0.5,0.5
"603",603,8,6,7,1,0,0.5,0.5
"604",604,5,8,7,1,0,0.5,0.5
"605",605,4,1,2,0,0,0.5,0.5
"606",606,3,5,4,0,0,0.5,0.5
"607",607,6,3,4,0,0,0.5,0.5
"608",608,7,4,6,1,0,0.5,0.5
"609",609,6,6,6,1,0,0.5,0.5
"610",610,4,7,6,1,0,0.5,0.5
"611",611,8,8,8,1,0,0.5,0.5
"612",612,8,5,7,1,0,0.5,0.5
"613",613,2,5,3,0,0,0.5,0.5
"614",614,3,3,3,0,0,0.5,0.5
"615",615,7,5,6,1,0,0.5,0.5
"616",616,8,8,8,1,0,0.5,0.5
"617",617,3,3,3,1,0,0.5,0.5
"618",618,6,6,6,1,0,0.5,0.5
"619",619,6,6,6,0,0,0.5,0.5
"620",620,4,6,5,1,0,0.5,0.5
"621",621,2,4,3,0,0,0.5,0.5
"622",622,3,6,4,0,0,0.5,0.5
"623",623,1,4,2,0,0,0.5,0.5
"624",624,1,4,2,0,0,0.5,0.5
"625",625,1,4,2,0,0,0.5,0.5
"626",626,7,5,6,1,0,0.5,0.5
"627",627,5,8,7,0,0,0.5,0.5
"628",628,2,4,3,0,0,0.5,0.5
"629",629,7,4,6,0,0,0.5,0.5
"630",630,3,6,4,0,0,0.5,0.5
"631",631,5,5,5,1,0,0.5,0.5
"632",632,2,4,3,0,0,0.5,0.5
"633",633,6,3,4,1,0,0.5,0.5
"634",634,4,6,5,0,0,0.5,0.5
"635",635,3,5,4,1,0,0.5,0.5
"636",636,7,7,7,1,0,0.5,0.5
"637",637,2,2,2,0,0,0.5,0.5
"638",638,2,4,3,0,0,0.5,0.5
"639",639,3,3,3,1,0,0.5,0.5
"640",640,2,4,3,0,0,0.5,0.5
"641",641,8,5,7,1,0,0.5,0.5
"642",642,6,4,5,1,0,0.5,0.5
"643",643,6,6,6,1,0,0.5,0.5
"644",644,6,3,4,0,0,0.5,0.5
"645",645,8,6,7,1,0,0.5,0.5
"646",646,3,5,4,0,0,0.5,0.5
"647",647,4,4,4,0,0,0.5,0.5
"648",648,8,5,7,1,0,0.5,0.5
"649",649,6,8,7,1,0,0.5,0.5
"650",650,1,4,2,0,0,0.5,0.5
"651",651,5,7,6,1,0,0.5,0.5
"652",652,7,4,6,0,0,0.5,0.5
"653",653,1,4,2,0,0,0.5,0.5
"654",654,1,4,2,0,0,0.5,0.5
"655",655,2,2,2,1,0,0.5,0.5
"656",656,4,2,3,1,0,0.5,0.5
"657",657,7,4,6,0,0,0.5,0.5
"658",658,8,6,7,1,0,0.5,0.5
"659",659,4,2,3,0,0,0.5,0.5
"660",660,8,6,7,1,0,0.5,0.5
"661",661,2,4,3,1,0,0.5,0.5
"662",662,2,2,2,0,0,0.5,0.5
"663",663,3,5,4,0,0,0.5,0.5
"664",664,3,3,3,0,0,0.5,0.5
"665",665,7,7,7,1,0,0.5,0.5
"666",666,1,1,1,0,0,0.5,0.5
"667",667,3,6,4,1,0,0.5,0.5
"668",668,7,4,6,0,0,0.5,0.5
"669",669,7,4,6,0,0,0.5,0.5
"670",670,6,3,4,0,0,0.5,0.5
"671",671,5,7,6,1,0,0.5,0.5
"672",672,1,1,1,0,0,0.5,0.5
"673",673,2,5,3,0,0,0.5,0.5
"674",674,6,3,4,0,0,0.5,0.5
"675",675,3,6,4,1,0,0.5,0.5
"676",676,4,4,4,0,0,0.5,0.5
"677",677,1,1,1,0,0,0.5,0.5
"678",678,5,3,4,1,0,0.5,0.5
"679",679,8,6,7,1,0,0.5,0.5
"680",680,5,2,3,0,0,0.5,0.5
"681",681,6,8,7,1,0,0.5,0.5
"682",682,3,3,3,1,0,0.5,0.5
"683",683,7,4,6,1,0,0.5,0.5
"684",684,6,3,4,0,0,0.5,0.5
"685",685,2,5,3,0,0,0.5,0.5
"686",686,7,7,7,1,0,0.5,0.5
"687",687,3,1,2,0,0,0.5,0.5
"688",688,7,5,6,1,0,0.5,0.5
"689",689,1,3,2,1,0,0.5,0.5
"690",690,4,1,2,0,0,0.5,0.5
"691",691,5,2,3,1,0,0.5,0.5
"692",692,1,3,2,0,0,0.5,0.5
"693",693,2,4,3,1,0,0.5,0.5
"694",694,2,5,3,1,0,0.5,0.5
"695",695,1,1,1,0,0,0.5,0.5
"696",696,6,3,4,0,0,0.5,0.5
"697",697,2,4,3,0,0,0.5,0.5
"698",698,3,1,2,0,0,0.5,0.5
"699",699,6,8,7,1,0,0.5,0.5
"700",700,2,4,3,0,0,0.5,0.5
"701",701,1,4,2,0,0,0.5,0.5
"702",702,8,5,7,0,0,0.5,0.5
"703",703,5,3,4,1,0,0.5,0.5
"704",704,4,4,4,0,0,0.5,0.5
"705",705,5,7,6,1,0,0.5,0.5
"706",706,8,8,8,1,0,0.5,0.5
"707",707,6,8,7,1,0,0.5,0.5
"708",708,5,5,5,0,0,0.5,0.5
"709",709,5,7,6,1,0,0.5,0.5
"710",710,2,2,2,0,0,0.5,0.5
"711",711,7,4,6,0,0,0.5,0.5
"712",712,3,5,4,1,0,0.5,0.5
"713",713,7,7,7,1,0,0.5,0.5
"714",714,1,4,2,0,0,0.5,0.5
"715",715,1,4,2,0,0,0.5,0.5
"716",716,2,2,2,0,0,0.5,0.5
"717",717,5,3,4,0,0,0.5,0.5
"718",718,8,8,8,1,0,0.5,0.5
"719",719,6,6,6,1,0,0.5,0.5
"720",720,4,6,5,0,0,0.5,0.5
"721",721,2,5,3,1,0,0.5,0.5
"722",722,6,3,4,1,0,0.5,0.5
"723",723,1,3,2,0,0,0.5,0.5
"724",724,4,4,4,1,0,0.5,0.5
"725",725,5,7,6,1,0,0.5,0.5
"726",726,8,6,7,1,0,0.5,0.5
"727",727,5,5,5,1,0,0.5,0.5
"728",728,1,4,2,1,0,0.5,0.5
"729",729,8,5,7,1,0,0.5,0.5
"730",730,7,4,6,1,0,0.5,0.5
"731",731,7,5,6,1,0,0.5,0.5
"732",732,4,2,3,0,0,0.5,0.5
"733",733,2,5,3,0,0,0.5,0.5
"734",734,8,8,8,1,0,0.5,0.5
"735",735,1,4,2,0,0,0.5,0.5
"736",736,4,7,6,0,0,0.5,0.5
"737",737,5,2,3,0,0,0.5,0.5
"738",738,1,4,2,0,0,0.5,0.5
"739",739,4,7,6,1,0,0.5,0.5
"740",740,7,7,7,0,0,0.5,0.5
"741",741,1,1,1,0,0,0.5,0.5
"742",742,6,3,4,1,0,0.5,0.5
"743",743,2,4,3,0,0,0.5,0.5
"744",744,5,8,7,0,0,0.5,0.5
"745",745,4,4,4,0,0,0.5,0.5
"746",746,4,2,3,0,0,0.5,0.5
"747",747,4,6,5,0,0,0.5,0.5
"748",748,6,8,7,1,0,0.5,0.5
"749",749,8,6,7,1,0,0.5,0.5
"750",750,4,1,2,1,0,0.5,0.5
"751",751,4,1,2,0,0,0.5,0.5
"752",752,5,2,3,0,0,0.5,0.5
"753",753,4,2,3,0,0,0.5,0.5
"754",754,3,3,3,1,0,0.5,0.5
"755",755,2,4,3,1,0,0.5,0.5
"756",756,8,8,8,1,0,0.5,0.5
"757",757,2,5,3,0,0,0.5,0.5
"758",758,5,8,7,1,0,0.5,0.5
"759",759,4,2,3,0,0,0.5,0.5
"760",760,1,4,2,0,0,0.5,0.5
"761",761,2,5,3,0,0,0.5,0.5
"762",762,3,1,2,0,0,0.5,0.5
"763",763,6,8,7,1,0,0.5,0.5
"764",764,8,6,7,0,0,0.5,0.5
"765",765,2,5,3,1,0,0.5,0.5
"766",766,5,5,5,1,0,0.5,0.5
"767",767,5,5,5,0,0,0.5,0.5
"768",768,8,6,7,1,0,0.5,0.5
"769",769,6,8,7,1,0,0.5,0.5
"770",770,8,8,8,1,0,0.5,0.5
"771",771,6,4,5,1,0,0.5,0.5
"772",772,7,4,6,0,0,0.5,0.5
"773",773,2,4,3,1,0,0.5,0.5
"774",774,3,3,3,0,0,0.5,0.5
"775",775,8,8,8,1,0,0.5,0.5
"776",776,5,3,4,0,0,0.5,0.5
"777",777,8,5,7,1,0,0.5,0.5
"778",778,8,5,7,1,0,0.5,0.5
"779",779,7,5,6,1,0,0.5,0.5
"780",780,7,7,7,1,0,0.5,0.5
"781",781,6,8,7,1,0,0.5,0.5
"782",782,4,1,2,0,0,0.5,0.5
"783",783,5,3,4,1,0,0.5,0.5
"784",784,1,4,2,0,0,0.5,0.5
"785",785,6,6,6,0,0,0.5,0.5
"786",786,7,5,6,1,0,0.5,0.5
"787",787,2,5,3,0,0,0.5,0.5
"788",788,7,5,6,1,0,0.5,0.5
"789",789,8,8,8,1,0,0.5,0.5
"790",790,5,5,5,0,0,0.5,0.5
"791",791,4,7,6,1,0,0.5,0.5
"792",792,5,5,5,0,0,0.5,0.5
"793",793,2,2,2,0,0,0.5,0.5
"794",794,8,8,8,1,0,0.5,0.5
"795",795,2,4,3,0,0,0.5,0.5
"796",796,8,5,7,0,0,0.5,0.5
"797",797,3,5,4,0,0,0.5,0.5
"798",798,7,7,7,0,0,0.5,0.5
"799",799,7,7,7,1,0,0.5,0.5
"800",800,3,1,2,1,0,0.5,0.5
"801",801,7,7,7,1,0,0.5,0.5
"802",802,1,3,2,0,0,0.5,0.5
"803",803,3,3,3,1,0,0.5,0.5
"804",804,1,3,2,0,0,0.5,0.5
"805",805,4,1,2,0,0,0.5,0.5
"806",806,5,5,5,0,0,0.5,0.5
"807",807,4,2,3,1,0,0.5,0.5
"808",808,4,1,2,0,0,0.5,0.5
"809",809,2,4,3,0,0,0.5,0.5
"810",810,5,5,5,1,0,0.5,0.5
"811",811,3,5,4,0,0,0.5,0.5
"812",812,1,4,2,1,0,0.5,0.5
"813",813,5,2,3,0,0,0.5,0.5
"814",814,4,2,3,1,0,0.5,0.5
"815",815,8,6,7,1,0,0.5,0.5
"816",816,8,5,7,1,0,0.5,0.5
"817",817,2,2,2,0,0,0.5,0.5
"818",818,1,4,2,0,0,0.5,0.5
"819",819,4,2,3,0,0,0.5,0.5
"820",820,5,8,7,0,0,0.5,0.5
"821",821,2,4,3,0,0,0.5,0.5
"822",822,1,3,2,0,0,0.5,0.5
"823",823,3,5,4,0,0,0.5,0.5
"824",824,8,8,8,1,0,0.5,0.5
"825",825,7,5,6,1,0,0.5,0.5
"826",826,2,2,2,0,0,0.5,0.5
"827",827,5,7,6,1,0,0.5,0.5
"828",828,1,3,2,0,0,0.5,0.5
"829",829,6,6,6,0,0,0.5,0.5
"830",830,8,8,8,1,0,0.5,0.5
"831",831,5,5,5,1,0,0.5,0.5
"832",832,7,7,7,1,0,0.5,0.5
"833",833,8,5,7,1,0,0.5,0.5
"834",834,1,4,2,0,0,0.5,0.5
"835",835,3,6,4,1,0,0.5,0.5
"836",836,1,3,2,0,0,0.5,0.5
"837",837,5,3,4,0,0,0.5,0.5
"838",838,2,2,2,0,0,0.5,0.5
"839",839,7,7,7,1,0,0.5,0.5
"840",840,2,2,2,0,0,0.5,0.5
"841",841,5,5,5,1,0,0.5,0.5
"842",842,2,2,2,0,0,0.5,0.5
"843",843,6,6,6,1,0,0.5,0.5
"844",844,1,3,2,0,0,0.5,0.5
"845",845,1,1,1,0,0,0.5,0.5
"846",846,2,2,2,0,0,0.5,0.5
"847",847,5,8,7,1,0,0.5,0.5
"848",848,4,1,2,0,0,0.5,0.5
"849",849,1,1,1,0,0,0.5,0.5
"850",850,8,6,7,1,0,0.5,0.5
"851",851,7,5,6,1,0,0.5,0.5
"852",852,4,7,6,1,0,0.5,0.5
"853",853,8,8,8,1,0,0.5,0.5
"854",854,1,1,1,1,0,0.5,0.5
"855",855,7,7,7,1,0,0.5,0.5
"856",856,2,5,3,1,0,0.5,0.5
"857",857,3,1,2,1,0,0.5,0.5
"858",858,6,6,6,1,0,0.5,0.5
"859",859,2,4,3,0,0,0.5,0.5
"860",860,6,3,4,0,0,0.5,0.5
"861",861,5,2,3,1,0,0.5,0.5
"862",862,8,6,7,1,0,0.5,0.5
"863",863,2,5,3,0,0,0.5,0.5
"864",864,3,5,4,1,0,0.5,0.5
"865",865,4,7,6,1,0,0.5,0.5
"866",866,6,4,5,1,0,0.5,0.5
"867",867,8,6,7,0,0,0.5,0.5
"868",868,7,5,6,1,0,0.5,0.5
"869",869,7,5,6,0,0,0.5,0.5
"870",870,8,6,7,1,0,0.5,0.5
"871",871,2,5,3,0,0,0.5,0.5
"872",872,5,7,6,1,0,0.5,0.5
"873",873,6,3,4,1,0,0.5,0.5
"874",874,7,7,7,1,0,0.5,0.5
"875",875,3,5,4,0,0,0.5,0.5
"876",876,2,2,2,0,0,0.5,0.5
"877",877,6,8,7,0,0,0.5,0.5
"878",878,5,2,3,1,0,0.5,0.5
"879",879,7,7,7,1,0,0.5,0.5
"880",880,7,5,6,0,0,0.5,0.5
"881",881,6,4,5,1,0,0.5,0.5
"882",882,5,7,6,1,0,0.5,0.5
"883",883,8,6,7,0,0,0.5,0.5
"884",884,7,5,6,1,0,0.5,0.5
"885",885,6,3,4,1,0,0.5,0.5
"886",886,4,2,3,0,0,0.5,0.5
"887",887,6,3,4,1,0,0.5,0.5
"888",888,8,8,8,1,0,0.5,0.5
"889",889,1,4,2,0,0,0.5,0.5
"890",890,2,2,2,0,0,0.5,0.5
"891",891,3,3,3,0,0,0.5,0.5
"892",892,7,4,6,1,0,0.5,0.5
"893",893,6,4,5,1,0,0.5,0.5
"894",894,7,5,6,1,0,0.5,0.5
"895",895,4,1,2,0,0,0.5,0.5
"896",896,1,1,1,1,0,0.5,0.5
"897",897,5,5,5,1,0,0.5,0.5
"898",898,1,1,1,0,0,0.5,0.5
"899",899,6,4,5,1,0,0.5,0.5
"900",900,5,2,3,0,0,0.5,0.5
"901",901,4,6,5,0,0,0.5,0.5
"902",902,7,5,6,0,0,0.5,0.5
"903",903,7,7,7,1,0,0.5,0.5
"904",904,2,4,3,1,0,0.5,0.5
"905",905,7,4,6,1,0,0.5,0.5
"906",906,7,4,6,0,0,0.5,0.5
"907",907,3,5,4,0,0,0.5,0.5
"908",908,5,5,5,1,0,0.5,0.5
"909",909,4,1,2,1,0,0.5,0.5
"910",910,6,8,7,0,0,0.5,0.5
"911",911,3,1,2,1,0,0.5,0.5
"912",912,4,1,2,0,0,0.5,0.5
"913",913,6,4,5,1,0,0.5,0.5
"914",914,4,7,6,1,0,0.5,0.5
"915",915,6,8,7,1,0,0.5,0.5
"916",916,7,5,6,0,0,0.5,0.5
"917",917,3,1,2,0,0,0.5,0.5
"918",918,4,2,3,0,0,0.5,0.5
"919",919,1,4,2,0,0,0.5,0.5
"920",920,3,3,3,0,0,0.5,0.5
"921",921,5,5,5,0,0,0.5,0.5
"922",922,4,7,6,1,0,0.5,0.5
"923",923,3,1,2,0,0,0.5,0.5
"924",924,3,3,3,0,0,0.5,0.5
"925",925,2,2,2,0,0,0.5,0.5
"926",926,1,4,2,0,0,0.5,0.5
"927",927,7,4,6,1,0,0.5,0.5
"928",928,4,6,5,1,0,0.5,0.5
"929",929,2,2,2,0,0,0.5,0.5
"930",930,2,5,3,0,0,0.5,0.5
"931",931,5,7,6,0,0,0.5,0.5
"932",932,8,6,7,1,0,0.5,0.5
"933",933,1,4,2,0,0,0.5,0.5
"934",934,7,5,6,1,0,0.5,0.5
"935",935,5,7,6,1,0,0.5,0.5
"936",936,5,5,5,0,0,0.5,0.5
"937",937,4,4,4,0,0,0.5,0.5
"938",938,8,8,8,1,0,0.5,0.5
"939",939,6,3,4,0,0,0.5,0.5
"940",940,8,8,8,1,0,0.5,0.5
"941",941,5,5,5,1,0,0.5,0.5
"942",942,6,6,6,0,0,0.5,0.5
"943",943,5,8,7,1,0,0.5,0.5
"944",944,8,6,7,1,0,0.5,0.5
"945",945,2,5,3,1,0,0.5,0.5
"946",946,1,1,1,0,0,0.5,0.5
"947",947,8,6,7,0,0,0.5,0.5
"948",948,3,6,4,1,0,0.5,0.5
"949",949,5,2,3,0,0,0.5,0.5
"950",950,1,3,2,0,0,0.5,0.5
"951",951,8,5,7,1,0,0.5,0.5
"952",952,1,3,2,0,0,0.5,0.5
"953",953,4,1,2,0,0,0.5,0.5
"954",954,2,2,2,0,0,0.5,0.5
"955",955,4,7,6,1,0,0.5,0.5
"956",956,5,5,5,1,0,0.5,0.5
"957",957,6,4,5,1,0,0.5,0.5
"958",958,1,1,1,0,0,0.5,0.5
"959",959,2,5,3,1,0,0.5,0.5
"960",960,4,1,2,0,0,0.5,0.5
"961",961,3,6,4,1,0,0.5,0.5
"962",962,6,3,4,1,0,0.5,0.5
"963",963,4,2,3,0,0,0.5,0.5
"964",964,1,4,2,1,0,0.5,0.5
"965",965,2,4,3,0,0,0.5,0.5
"966",966,4,6,5,1,0,0.5,0.5
"967",967,1,3,2,0,0,0.5,0.5
"968",968,8,8,8,1,0,0.5,0.5
"969",969,5,3,4,1,0,0.5,0.5
"970",970,8,6,7,1,0,0.5,0.5
"971",971,7,5,6,1,0,0.5,0.5
"972",972,5,8,7,1,0,0.5,0.5
"973",973,2,5,3,1,0,0.5,0.5
"974",974,3,1,2,0,0,0.5,0.5
"975",975,1,1,1,0,0,0.5,0.5
"976",976,6,4,5,0,0,0.5,0.5
"977",977,3,3,3,0,0,0.5,0.5
"978",978,1,1,1,0,0,0.5,0.5
"979",979,2,4,3,0,0,0.5,0.5
"980",980,2,5,3,1,0,0.5,0.5
"981",981,7,7,7,1,0,0.5,0.5
"982",982,5,8,7,1,0,0.5,0.5
"983",983,7,7,7,1,0,0.5,0.5
"984",984,2,5,3,0,0,0.5,0.5
"985",985,4,6,5,0,0,0.5,0.5
"986",986,7,7,7,1,0,0.5,0.5
"987",987,2,5,3,0,0,0.5,0.5
"988",988,2,5,3,1,0,0.5,0.5
"989",989,6,3,4,0,0,0.5,0.5
"990",990,2,2,2,0,0,0.5,0.5
"991",991,8,8,8,0,0,0.5,0.5
"992",992,4,6,5,1,0,0.5,0.5
"993",993,1,3,2,0,0,0.5,0.5
"994",994,5,2,3,0,0,0.5,0.5
"995",995,1,3,2,1,0,0.5,0.5
"996",996,4,1,2,1,0,0.5,0.5
"997",997,8,5,7,0,0,0.5,0.5
"998",998,8,5,7,1,0,0.5,0.5
"999",999,2,2,2,0,0,0.5,0.5
"1000",1000,5,5,5,1,0,0.5,0.5
"1001",1001,4,6,5,0,0,0.5,0.5
"1002",1002,8,8,8,1,0,0.5,0.5
"1003",1003,8,5,7,1,0,0.5,0.5
"1004",1004,6,3,4,0,0,0.5,0.5
"1005",1005,4,7,6,0,0,0.5,0.5
"1006",1006,2,2,2,0,0,0.5,0.5
"1007",1007,7,7,7,0,0,0.5,0.5
"1008",1008,6,4,5,1,0,0.5,0.5
"1009",1009,2,2,2,0,0,0.5,0.5
"1010",1010,8,8,8,1,0,0.5,0.5
"1011",1011,7,4,6,1,0,0.5,0.5
"1012",1012,6,8,7,1,0,0.5,0.5
"1013",1013,6,3,4,0,0,0.5,0.5
"1014",1014,7,7,7,0,0,0.5,0.5
"1015",1015,6,4,5,0,0,0.5,0.5
"1016",1016,4,4,4,0,0,0.5,0.5
"1017",1017,3,3,3,0,0,0.5,0.5
"1018",1018,1,3,2,0,0,0.5,0.5
"1019",1019,8,8,8,1,0,0.5,0.5
"1020",1020,4,4,4,1,0,0.5,0.5
"1021",1021,6,3,4,1,0,0.5,0.5
"1022",1022,7,7,7,0,0,0.5,0.5
"1023",1023,8,5,7,1,0,0.5,0.5
"1024",1024,4,1,2,0,0,0.5,0.5
"1025",1025,2,5,3,0,0,0.5,0.5
"1026",1026,1,3,2,0,0,0.5,0.5
"1027",1027,3,3,3,0,0,0.5,0.5
"1028",1028,2,2,2,0,0,0.5,0.5
"1029",1029,7,7,7,1,0,0.5,0.5
"1030",1030,3,6,4,1,0,0.5,0.5
"1031",1031,3,6,4,0,0,0.5,0.5
"1032",1032,2,2,2,0,0,0.5,0.5
"1033",1033,5,7,6,1,0,0.5,0.5
"1034",1034,4,1,2,0,0,0.5,0.5
"1035",1035,8,8,8,0,0,0.5,0.5
"1036",1036,2,2,2,0,0,0.5,0.5
"1037",1037,1,1,1,0,0,0.5,0.5
"1038",1038,4,2,3,1,0,0.5,0.5
"1039",1039,2,2,2,0,0,0.5,0.5
"1040",1040,8,5,7,1,0,0.5,0.5
"1041",1041,2,5,3,0,0,0.5,0.5
"1042",1042,5,7,6,0,0,0.5,0.5
"1043",1043,2,5,3,0,0,0.5,0.5
"1044",1044,6,8,7,1,0,0.5,0.5
"1045",1045,1,1,1,0,0,0.5,0.5
"1046",1046,7,5,6,1,0,0.5,0.5
"1047",1047,6,6,6,1,0,0.5,0.5
"1048",1048,2,2,2,0,0,0.5,0.5
"1049",1049,3,5,4,1,0,0.5,0.5
"1050",1050,4,2,3,0,0,0.5,0.5
"1051",1051,5,8,7,0,0,0.5,0.5
"1052",1052,7,7,7,1,0,0.5,0.5
"1053",1053,5,3,4,0,0,0.5,0.5
"1054",1054,7,7,7,0,0,0.5,0.5
"1055",1055,1,4,2,1,0,0.5,0.5
"1056",1056,1,1,1,0,0,0.5,0.5
"1057",1057,8,6,7,1,0,0.5,0.5
"1058",1058,5,7,6,0,0,0.5,0.5
"1059",1059,7,5,6,1,0,0.5,0.5
"1060",1060,3,1,2,0,0,0.5,0.5
"1061",1061,2,2,2,0,0,0.5,0.5
"1062",1062,3,3,3,0,0,0.5,0.5
"1063",1063,6,6,6,1,0,0.5,0.5
"1064",1064,4,7,6,0,0,0.5,0.5
"1065",1065,8,6,7,0,0,0.5,0.5
"1066",1066,8,5,7,0,0,0.5,0.5
"1067",1067,3,5,4,1,0,0.5,0.5
"1068",1068,3,3,3,0,0,0.5,0.5
"1069",1069,3,6,4,1,0,0.5,0.5
"1070",1070,6,4,5,0,0,0.5,0.5
"1071",1071,8,5,7,1,0,0.5,0.5
"1072",1072,6,3,4,0,0,0.5,0.5
"1073",1073,6,6,6,1,0,0.5,0.5
"1074",1074,6,3,4,0,0,0.5,0.5
"1075",1075,4,6,5,0,0,0.5,0.5
"1076",1076,3,5,4,1,0,0.5,0.5
"1077",1077,2,5,3,0,0,0.5,0.5
"1078",1078,1,3,2,1,0,0.5,0.5
"1079",1079,1,3,2,1,0,0.5,0.5
"1080",1080,8,8,8,1,0,0.5,0.5
"1081",1081,3,3,3,1,0,0.5,0.5
"1082",1082,8,5,7,0,0,0.5,0.5
"1083",1083,7,7,7,1,0,0.5,0.5
"1084",1084,5,2,3,0,0,0.5,0.5
"1085",1085,4,2,3,1,0,0.5,0.5
"1086",1086,8,6,7,0,0,0.5,0.5
"1087",1087,5,3,4,0,0,0.5,0.5
"1088",1088,8,8,8,1,0,0.5,0.5
"1089",1089,6,3,4,1,0,0.5,0.5
"1090",1090,3,5,4,1,0,0.5,0.5
"1091",1091,4,7,6,1,0,0.5,0.5
"1092",1092,8,5,7,1,0,0.5,0.5
"1093",1093,2,5,3,0,0,0.5,0.5
"1094",1094,4,4,4,1,0,0.5,0.5
"1095",1095,5,8,7,1,0,0.5,0.5
"1096",1096,1,3,2,0,0,0.5,0.5
"1097",1097,1,1,1,0,0,0.5,0.5
"1098",1098,1,3,2,0,0,0.5,0.5
"1099",1099,5,8,7,1,0,0.5,0.5
"1100",1100,6,6,6,1,0,0.5,0.5
"1101",1101,5,8,7,0,0,0.5,0.5
"1102",1102,8,6,7,1,0,0.5,0.5
"1103",1103,5,7,6,0,0,0.5,0.5
"1104",1104,3,3,3,1,0,0.5,0.5
"1105",1105,5,2,3,1,0,0.5,0.5
"1106",1106,5,5,5,1,0,0.5,0.5
"1107",1107,4,6,5,1,0,0.5,0.5
"1108",1108,3,3,3,0,0,0.5,0.5
"1109",1109,8,6,7,1,0,0.5,0.5
"1110",1110,1,4,2,0,0,0.5,0.5
"1111",1111,5,7,6,1,0,0.5,0.5
"1112",1112,1,1,1,0,0,0.5,0.5
"1113",1113,5,7,6,0,0,0.5,0.5
"1114",1114,5,2,3,1,0,0.5,0.5
"1115",1115,1,3,2,0,0,0.5,0.5
"1116",1116,1,3,2,0,0,0.5,0.5
"1117",1117,6,4,5,1,0,0.5,0.5
"1118",1118,8,8,8,1,0,0.5,0.5
"1119",1119,7,5,6,1,0,0.5,0.5
"1120",1120,6,8,7,1,0,0.5,0.5
"1121",1121,6,4,5,0,0,0.5,0.5
"1122",1122,4,1,2,0,0,0.5,0.5
"1123",1123,6,4,5,1,0,0.5,0.5
"1124",1124,6,8,7,1,0,0.5,0.5
"1125",1125,5,7,6,0,0,0.5,0.5
"1126",1126,5,7,6,1,0,0.5,0.5
"1127",1127,3,6,4,0,0,0.5,0.5
"1128",1128,4,7,6,0,0,0.5,0.5
"1129",1129,8,6,7,1,0,0.5,0.5
"1130",1130,4,6,5,1,0,0.5,0.5
"1131",1131,8,6,7,1,0,0.5,0.5
"1132",1132,7,4,6,1,0,0.5,0.5
"1133",1133,5,8,7,0,0,0.5,0.5
"1134",1134,4,2,3,0,0,0.5,0.5
"1135",1135,4,7,6,0,0,0.5,0.5
"1136",1136,1,3,2,0,0,0.5,0.5
"1137",1137,5,3,4,0,0,0.5,0.5
"1138",1138,3,6,4,1,0,0.5,0.5
"1139",1139,7,7,7,0,0,0.5,0.5
"1140",1140,7,7,7,0,0,0.5,0.5
"1141",1141,1,3,2,0,0,0.5,0.5
"1142",1142,5,8,7,1,0,0.5,0.5
"1143",1143,8,8,8,1,0,0.5,0.5
"1144",1144,5,2,3,1,0,0.5,0.5
"1145",1145,5,5,5,0,0,0.5,0.5
"1146",1146,8,8,8,1,0,0.5,0.5
"1147",1147,2,4,3,0,0,0.5,0.5
"1148",1148,2,4,3,0,0,0.5,0.5
"1149",1149,1,3,2,0,0,0.5,0.5
"1150",1150,6,3,4,0,0,0.5,0.5
"1151",1151,4,7,6,1,0,0.5,0.5
"1152",1152,6,8,7,1,0,0.5,0.5
"1153",1153,2,5,3,1,0,0.5,0.5
"1154",1154,4,2,3,1,0,0.5,0.5
"1155",1155,2,4,3,0,0,0.5,0.5
"1156",1156,1,3,2,1,0,0.5,0.5
"1157",1157,2,2,2,0,0,0.5,0.5
"1158",1158,8,5,7,1,0,0.5,0.5
"1159",1159,1,4,2,0,0,0.5,0.5
"1160",1160,8,8,8,1,0,0.5,0.5
"1161",1161,6,6,6,0,0,0.5,0.5
"1162",1162,4,1,2,0,0,0.5,0.5
"1163",1163,4,1,2,0,0,0.5,0.5
"1164",1164,3,5,4,0,0,0.5,0.5
"1165",1165,5,7,6,1,0,0.5,0.5
"1166",1166,3,5,4,1,0,0.5,0.5
"1167",1167,3,6,4,1,0,0.5,0.5
"1168",1168,5,3,4,0,0,0.5,0.5
"1169",1169,7,7,7,0,0,0.5,0.5
"1170",1170,2,4,3,0,0,0.5,0.5
"1171",1171,5,2,3,1,0,0.5,0.5
"1172",1172,3,5,4,1,0,0.5,0.5
"1173",1173,4,6,5,0,0,0.5,0.5
"1174",1174,2,4,3,0,0,0.5,0.5
"1175",1175,8,6,7,1,0,0.5,0.5
"1176",1176,2,4,3,0,0,0.5,0.5
"1177",1177,6,4,5,1,0,0.5,0.5
"1178",1178,3,3,3,1,0,0.5,0.5
"1179",1179,2,4,3,0,0,0.5,0.5
"1180",1180,7,5,6,1,0,0.5,0.5
"1181",1181,8,6,7,1,0,0.5,0.5
"1182",1182,1,3,2,0,0,0.5,0.5
"1183",1183,2,5,3,1,0,0.5,0.5
"1184",1184,5,3,4,1,0,0.5,0.5
"1185",1185,4,6,5,1,0,0.5,0.5
"1186",1186,5,3,4,1,0,0.5,0.5
"1187",1187,2,5,3,0,0,0.5,0.5
"1188",1188,6,3,4,0,0,0.5,0.5
"1189",1189,3,6,4,0,0,0.5,0.5
"1190",1190,6,6,6,0,0,0.5,0.5
"1191",1191,8,6,7,1,0,0.5,0.5
"1192",1192,5,7,6,1,0,0.5,0.5
"1193",1193,8,6,7,1,0,0.5,0.5
"1194",1194,2,5,3,1,0,0.5,0.5
"1195",1195,8,8,8,0,0,0.5,0.5
"1196",1196,6,3,4,1,0,0.5,0.5
"1197",1197,4,1,2,0,0,0.5,0.5
"1198",1198,4,6,5,0,0,0.5,0.5
"1199",1199,3,3,3,0,0,0.5,0.5
"1200",1200,4,7,6,1,0,0.5,0.5
"1201",1201,7,4,6,0,0,0.5,0.5
"1202",1202,7,7,7,1,0,0.5,0.5
"1203",1203,4,7,6,0,0,0.5,0.5
"1204",1204,8,6,7,1,0,0.5,0.5
"1205",1205,4,7,6,1,0,0.5,0.5
"1206",1206,8,5,7,1,0,0.5,0.5
"1207",1207,1,4,2,1,0,0.5,0.5
"1208",1208,5,7,6,0,0,0.5,0.5
"1209",1209,5,7,6,1,0,0.5,0.5
"1210",1210,2,5,3,0,0,0.5,0.5
"1211",1211,1,1,1,0,0,0.5,0.5
"1212",1212,8,6,7,1,0,0.5,0.5
"1213",1213,1,3,2,0,0,0.5,0.5
"1214",1214,3,3,3,0,0,0.5,0.5
"1215",1215,2,2,2,1,0,0.5,0.5
"1216",1216,6,4,5,0,0,0.5,0.5
"1217",1217,1,1,1,0,0,0.5,0.5
"1218",1218,7,7,7,1,0,0.5,0.5
"1219",1219,3,3,3,0,0,0.5,0.5
"1220",1220,8,8,8,1,0,0.5,0.5
"1221",1221,6,8,7,1,0,0.5,0.5
"1222",1222,5,5,5,0,0,0.5,0.5
"1223",1223,5,5,5,1,0,0.5,0.5
"1224",1224,8,8,8,1,0,0.5,0.5
"1225",1225,4,7,6,0,0,0.5,0.5
"1226",1226,6,3,4,0,0,0.5,0.5
"1227",1227,7,5,6,0,0,0.5,0.5
"1228",1228,6,6,6,0,0,0.5,0.5
"1229",1229,3,5,4,1,0,0.5,0.5
"1230",1230,2,5,3,0,0,0.5,0.5
"1231",1231,7,5,6,0,0,0.5,0.5
"1232",1232,6,6,6,1,0,0.5,0.5
"1233",1233,5,5,5,1,0,0.5,0.5
"1234",1234,4,7,6,1,0,0.5,0.5
"1235",1235,4,7,6,1,0,0.5,0.5
"1236",1236,5,8,7,1,0,0.5,0.5
"1237",1237,2,2,2,0,0,0.5,0.5
"1238",1238,8,8,8,1,0,0.5,0.5
"1239",1239,8,5,7,1,0,0.5,0.5
"1240",1240,4,1,2,0,0,0.5,0.5
"1241",1241,3,1,2,0,0,0.5,0.5
"1242",1242,2,5,3,0,0,0.5,0.5
"1243",1243,1,1,1,0,0,0.5,0.5
"1244",1244,3,1,2,1,0,0.5,0.5
"1245",1245,8,8,8,1,0,0.5,0.5
"1246",1246,6,3,4,0,0,0.5,0.5
"1247",1247,2,4,3,1,0,0.5,0.5
"1248",1248,7,4,6,0,0,0.5,0.5
"1249",1249,6,4,5,0,0,0.5,0.5
"1250",1250,6,6,6,1,0,0.5,0.5
"1251",1251,7,4,6,0,0,0.5,0.5
"1252",1252,2,2,2,0,0,0.5,0.5
"1253",1253,1,3,2,0,0,0.5,0.5
"1254",1254,5,8,7,1,0,0.5,0.5
"1255",1255,2,5,3,1,0,0.5,0.5
"1256",1256,5,3,4,0,0,0.5,0.5
"1257",1257,4,1,2,0,0,0.5,0.5
"1258",1258,5,3,4,0,0,0.5,0.5
"1259",1259,4,6,5,0,0,0.5,0.5
"1260",1260,5,8,7,1,0,0.5,0.5
"1261",1261,2,5,3,0,0,0.5,0.5
"1262",1262,6,8,7,1,0,0.5,0.5
"1263",1263,5,5,5,0,0,0.5,0.5
"1264",1264,6,3,4,0,0,0.5,0.5
"1265",1265,5,2,3,1,0,0.5,0.5
"1266",1266,3,5,4,0,0,0.5,0.5
"1267",1267,8,8,8,1,0,0.5,0.5
"1268",1268,5,3,4,1,0,0.5,0.5
"1269",1269,7,4,6,1,0,0.5,0.5
"1270",1270,7,4,6,1,0,0.5,0.5
"1271",1271,1,3,2,0,0,0.5,0.5
"1272",1272,2,5,3,0,0,0.5,0.5
"1273",1273,1,1,1,0,0,0.5,0.5
"1274",1274,8,6,7,1,0,0.5,0.5
"1275",1275,8,8,8,1,0,0.5,0.5
"1276",1276,4,1,2,0,0,0.5,0.5
"1277",1277,3,1,2,0,0,0.5,0.5
"1278",1278,7,5,6,0,0,0.5,0.5
"1279",1279,3,3,3,1,0,0.5,0.5
"1280",1280,6,3,4,1,0,0.5,0.5
"1281",1281,7,4,6,1,0,0.5,0.5
"1282",1282,7,7,7,1,0,0.5,0.5
"1283",1283,8,5,7,1,0,0.5,0.5
"1284",1284,8,5,7,0,0,0.5,0.5
"1285",1285,5,7,6,1,0,0.5,0.5
"1286",1286,3,6,4,1,0,0.5,0.5
"1287",1287,3,1,2,0,0,0.5,0.5
"1288",1288,2,5,3,0,0,0.5,0.5
"1289",1289,8,5,7,1,0,0.5,0.5
"1290",1290,1,1,1,0,0,0.5,0.5
"1291",1291,7,5,6,1,0,0.5,0.5
"1292",1292,4,6,5,0,0,0.5,0.5
"1293",1293,8,6,7,1,0,0.5,0.5
"1294",1294,2,2,2,0,0,0.5,0.5
"1295",1295,6,6,6,0,0,0.5,0.5
"1296",1296,2,5,3,0,0,0.5,0.5
"1297",1297,3,5,4,1,0,0.5,0.5
"1298",1298,2,2,2,1,0,0.5,0.5
"1299",1299,6,8,7,1,0,0.5,0.5
"1300",1300,1,3,2,0,0,0.5,0.5
"1301",1301,8,6,7,1,0,0.5,0.5
"1302",1302,1,1,1,0,0,0.5,0.5
"1303",1303,5,7,6,1,0,0.5,0.5
"1304",1304,1,1,1,0,0,0.5,0.5
"1305",1305,2,4,3,0,0,0.5,0.5
"1306",1306,7,5,6,1,0,0.5,0.5
"1307",1307,4,4,4,0,0,0.5,0.5
"1308",1308,5,5,5,0,0,0.5,0.5
"1309",1309,2,5,3,1,0,0.5,0.5
"1310",1310,2,2,2,1,0,0.5,0.5
"1311",1311,7,4,6,1,0,0.5,0.5
"1312",1312,5,5,5,1,0,0.5,0.5
"1313",1313,6,6,6,1,0,0.5,0.5
"1314",1314,6,4,5,0,0,0.5,0.5
"1315",1315,7,4,6,0,0,0.5,0.5
"1316",1316,6,4,5,1,0,0.5,0.5
"1317",1317,5,8,7,1,0,0.5,0.5
"1318",1318,1,1,1,0,0,0.5,0.5
"1319",1319,2,4,3,0,0,0.5,0.5
"1320",1320,4,7,6,1,0,0.5,0.5
"1321",1321,4,7,6,1,0,0.5,0.5
"1322",1322,4,7,6,1,0,0.5,0.5
"1323",1323,1,4,2,0,0,0.5,0.5
"1324",1324,2,2,2,0,0,0.5,0.5
"1325",1325,4,2,3,0,0,0.5,0.5
"1326",1326,6,3,4,0,0,0.5,0.5
"1327",1327,6,6,6,1,0,0.5,0.5
"1328",1328,1,1,1,0,0,0.5,0.5
"1329",1329,3,3,3,1,0,0.5,0.5
"1330",1330,8,5,7,0,0,0.5,0.5
"1331",1331,1,3,2,0,0,0.5,0.5
"1332",1332,1,3,2,0,0,0.5,0.5
"1333",1333,3,3,3,0,0,0.5,0.5
"1334",1334,1,3,2,0,0,0.5,0.5
"1335",1335,5,2,3,1,0,0.5,0.5
"1336",1336,4,7,6,1,0,0.5,0.5
"1337",1337,7,4,6,0,0,0.5,0.5
"1338",1338,4,7,6,1,0,0.5,0.5
"1339",1339,6,6,6,1,0,0.5,0.5
"1340",1340,8,8,8,0,0,0.5,0.5
"1341",1341,5,2,3,1,0,0.5,0.5
"1342",1342,5,3,4,0,0,0.5,0.5
"1343",1343,7,5,6,1,0,0.5,0.5
"1344",1344,6,4,5,1,0,0.5,0.5
"1345",1345,2,2,2,0,0,0.5,0.5
"1346",1346,6,3,4,0,0,0.5,0.5
"1347",1347,5,5,5,1,0,0.5,0.5
"1348",1348,1,1,1,0,0,0.5,0.5
"1349",1349,4,1,2,0,0,0.5,0.5
"1350",1350,1,3,2,0,0,0.5,0.5
"1351",1351,2,4,3,1,0,0.5,0.5
"1352",1352,4,4,4,0,0,0.5,0.5
"1353",1353,6,4,5,1,0,0.5,0.5
"1354",1354,1,4,2,0,0,0.5,0.5
"1355",1355,3,1,2,0,0,0.5,0.5
"1356",1356,2,5,3,0,0,0.5,0.5
"1357",1357,2,4,3,0,0,0.5,0.5
"1358",1358,8,6,7,1,0,0.5,0.5
"1359",1359,6,6,6,1,0,0.5,0.5
"1360",1360,3,6,4,0,0,0.5,0.5
"1361",1361,8,8,8,1,0,0.5,0.5
"1362",1362,1,1,1,0,0,0.5,0.5
"1363",1363,2,4,3,0,0,0.5,0.5
"1364",1364,4,6,5,0,0,0.5,0.5
"1365",1365,7,4,6,1,0,0.5,0.5
"1366",1366,6,3,4,0,0,0.5,0.5
"1367",1367,7,7,7,1,0,0.5,0.5
"1368",1368,6,8,7,1,0,0.5,0.5
"1369",1369,7,5,6,1,0,0.5,0.5
"1370",1370,1,1,1,0,0,0.5,0.5
"1371",1371,4,7,6,1,0,0.5,0.5
"1372",1372,8,5,7,1,0,0.5,0.5
"1373",1373,1,4,2,1,0,0.5,0.5
"1374",1374,6,8,7,1,0,0.5,0.5
"1375",1375,2,2,2,0,0,0.5,0.5
"1376",1376,2,5,3,1,0,0.5,0.5
"1377",1377,2,2,2,0,0,0.5,0.5
"1378",1378,4,6,5,0,0,0.5,0.5
"1379",1379,7,5,6,1,0,0.5,0.5
"1380",1380,8,5,7,0,0,0.5,0.5
"1381",1381,3,1,2,0,0,0.5,0.5
"1382",1382,8,8,8,1,0,0.5,0.5
"1383",1383,7,7,7,1,0,0.5,0.5
"1384",1384,2,2,2,0,0,0.5,0.5
"1385",1385,2,4,3,0,0,0.5,0.5
"1386",1386,4,4,4,0,0,0.5,0.5
"1387",1387,7,4,6,1,0,0.5,0.5
"1388",1388,8,5,7,1,0,0.5,0.5
"1389",1389,7,4,6,0,0,0.5,0.5
"1390",1390,6,3,4,1,0,0.5,0.5
"1391",1391,8,8,8,1,0,0.5,0.5
"1392",1392,2,2,2,1,0,0.5,0.5
"1393",1393,8,8,8,1,0,0.5,0.5
"1394",1394,3,1,2,1,0,0.5,0.5
"1395",1395,6,4,5,1,0,0.5,0.5
"1396",1396,1,1,1,0,0,0.5,0.5
"1397",1397,8,5,7,1,0,0.5,0.5
"1398",1398,2,2,2,1,0,0.5,0.5
"1399",1399,6,8,7,1,0,0.5,0.5
"1400",1400,7,5,6,0,0,0.5,0.5
"1401",1401,7,5,6,1,0,0.5,0.5
"1402",1402,8,8,8,0,0,0.5,0.5
"1403",1403,7,5,6,1,0,0.5,0.5
"1404",1404,5,7,6,1,0,0.5,0.5
"1405",1405,2,5,3,1,0,0.5,0.5
"1406",1406,8,5,7,1,0,0.5,0.5
"1407",1407,7,7,7,0,0,0.5,0.5
"1408",1408,5,7,6,1,0,0.5,0.5
"1409",1409,8,5,7,1,0,0.5,0.5
"1410",1410,1,4,2,0,0,0.5,0.5
"1411",1411,6,8,7,1,0,0.5,0.5
"1412",1412,4,1,2,0,0,0.5,0.5
"1413",1413,7,4,6,1,0,0.5,0.5
"1414",1414,8,8,8,1,0,0.5,0.5
"1415",1415,6,3,4,0,0,0.5,0.5
"1416",1416,3,3,3,0,0,0.5,0.5
"1417",1417,7,4,6,1,0,0.5,0.5
"1418",1418,1,4,2,0,0,0.5,0.5
"1419",1419,3,3,3,0,0,0.5,0.5
"1420",1420,1,4,2,1,0,0.5,0.5
"1421",1421,8,8,8,1,0,0.5,0.5
"1422",1422,5,3,4,1,0,0.5,0.5
"1423",1423,6,6,6,0,0,0.5,0.5
"1424",1424,8,8,8,1,0,0.5,0.5
"1425",1425,3,3,3,1,0,0.5,0.5
"1426",1426,4,1,2,0,0,0.5,0.5
"1427",1427,8,6,7,1,0,0.5,0.5
"1428",1428,6,8,7,1,0,0.5,0.5
"1429",1429,5,8,7,1,0,0.5,0.5
"1430",1430,3,1,2,0,0,0.5,0.5
"1431",1431,2,2,2,1,0,0.5,0.5
"1432",1432,3,3,3,0,0,0.5,0.5
"1433",1433,1,3,2,0,0,0.5,0.5
"1434",1434,4,7,6,1,0,0.5,0.5
"1435",1435,1,4,2,0,0,0.5,0.5
"1436",1436,6,3,4,1,0,0.5,0.5
"1437",1437,3,1,2,1,0,0.5,0.5
"1438",1438,4,1,2,0,0,0.5,0.5
"1439",1439,8,5,7,1,0,0.5,0.5
"1440",1440,7,5,6,0,0,0.5,0.5
"1441",1441,2,2,2,0,0,0.5,0.5
"1442",1442,4,6,5,1,0,0.5,0.5
"1443",1443,1,1,1,0,0,0.5,0.5
"1444",1444,4,6,5,1,0,0.5,0.5
"1445",1445,7,5,6,0,0,0.5,0.5
"1446",1446,5,7,6,1,0,0.5,0.5
"1447",1447,8,8,8,1,0,0.5,0.5
"1448",1448,1,4,2,0,0,0.5,0.5
"1449",1449,8,6,7,1,0,0.5,0.5
"1450",1450,4,6,5,1,0,0.5,0.5
"1451",1451,7,5,6,0,0,0.5,0.5
"1452",1452,4,1,2,1,0,0.5,0.5
"1453",1453,2,5,3,0,0,0.5,0.5
"1454",1454,5,3,4,0,0,0.5,0.5
"1455",1455,5,2,3,0,0,0.5,0.5
"1456",1456,5,3,4,0,0,0.5,0.5
"1457",1457,3,6,4,0,0,0.5,0.5
"1458",1458,8,6,7,1,0,0.5,0.5
"1459",1459,7,4,6,1,0,0.5,0.5
"1460",1460,2,4,3,0,0,0.5,0.5
"1461",1461,6,4,5,0,0,0.5,0.5
"1462",1462,7,4,6,0,0,0.5,0.5
"1463",1463,7,7,7,1,0,0.5,0.5
"1464",1464,2,4,3,0,0,0.5,0.5
"1465",1465,3,1,2,0,0,0.5,0.5
"1466",1466,8,8,8,1,0,0.5,0.5
"1467",1467,5,7,6,0,0,0.5,0.5
"1468",1468,2,5,3,0,0,0.5,0.5
"1469",1469,8,8,8,1,0,0.5,0.5
"1470",1470,1,3,2,0,0,0.5,0.5
"1471",1471,8,6,7,1,0,0.5,0.5
"1472",1472,2,4,3,0,0,0.5,0.5
"1473",1473,7,7,7,1,0,0.5,0.5
"1474",1474,8,6,7,1,0,0.5,0.5
"1475",1475,4,7,6,1,0,0.5,0.5
"1476",1476,5,5,5,1,0,0.5,0.5
"1477",1477,8,6,7,1,0,0.5,0.5
"1478",1478,1,4,2,1,0,0.5,0.5
"1479",1479,7,4,6,1,0,0.5,0.5
"1480",1480,4,4,4,0,0,0.5,0.5
"1481",1481,6,4,5,1,0,0.5,0.5
"1482",1482,7,5,6,1,0,0.5,0.5
"1483",1483,5,2,3,0,0,0.5,0.5
"1484",1484,7,4,6,1,0,0.5,0.5
"1485",1485,5,5,5,0,0,0.5,0.5
"1486",1486,7,5,6,1,0,0.5,0.5
"1487",1487,1,4,2,0,0,0.5,0.5
"1488",1488,5,3,4,0,0,0.5,0.5
"1489",1489,6,4,5,0,0,0.5,0.5
"1490",1490,5,2,3,1,0,0.5,0.5
"1491",1491,8,6,7,1,0,0.5,0.5
"1492",1492,6,4,5,0,0,0.5,0.5
"1493",1493,2,2,2,0,0,0.5,0.5
"1494",1494,2,4,3,0,0,0.5,0.5
"1495",1495,3,1,2,0,0,0.5,0.5
"1496",1496,3,1,2,1,0,0.5,0.5
"1497",1497,3,1,2,0,0,0.5,0.5
"1498",1498,5,2,3,1,0,0.5,0.5
"1499",1499,5,2,3,0,0,0.5,0.5
"1500",1500,3,1,2,0,0,0.5,0.5
"1501",1501,3,3,3,0,0,0.5,0.5
"1502",1502,7,7,7,1,0,0.5,0.5
"1503",1503,5,3,4,0,0,0.5,0.5
"1504",1504,5,5,5,0,0,0.5,0.5
"1505",1505,6,3,4,0,0,0.5,0.5
"1506",1506,7,4,6,1,0,0.5,0.5
"1507",1507,2,2,2,1,0,0.5,0.5
"1508",1508,1,3,2,0,0,0.5,0.5
"1509",1509,6,3,4,1,0,0.5,0.5
"1510",1510,3,3,3,1,0,0.5,0.5
"1511",1511,6,4,5,1,0,0.5,0.5
"1512",1512,3,1,2,0,0,0.5,0.5
"1513",1513,4,2,3,0,0,0.5,0.5
"1514",1514,7,7,7,1,0,0.5,0.5
"1515",1515,4,4,4,0,0,0.5,0.5
"1516",1516,1,1,1,0,0,0.5,0.5
"1517",1517,7,5,6,1,0,0.5,0.5
"1518",1518,5,3,4,1,0,0.5,0.5
"1519",1519,4,6,5,1,0,0.5,0.5
"1520",1520,1,4,2,1,0,0.5,0.5
"1521",1521,5,2,3,0,0,0.5,0.5
"1522",1522,4,2,3,1,0,0.5,0.5
"1523",1523,4,1,2,0,0,0.5,0.5
"1524",1524,1,3,2,0,0,0.5,0.5
"1525",1525,4,6,5,0,0,0.5,0.5
"1526",1526,4,7,6,1,0,0.5,0.5
"1527",1527,6,3,4,0,0,0.5,0.5
"1528",1528,2,5,3,1,0,0.5,0.5
"1529",1529,8,5,7,1,0,0.5,0.5
"1530",1530,7,7,7,0,0,0.5,0.5
"1531",1531,8,6,7,1,0,0.5,0.5
"1532",1532,2,4,3,1,0,0.5,0.5
"1533",1533,1,1,1,0,0,0.5,0.5
"1534",1534,7,7,7,1,0,0.5,0.5
"1535",1535,5,3,4,1,0,0.5,0.5
"1536",1536,6,6,6,1,0,0.5,0.5
"1537",1537,2,5,3,0,0,0.5,0.5
"1538",1538,2,5,3,1,0,0.5,0.5
"1539",1539,3,5,4,0,0,0.5,0.5
"1540",1540,8,6,7,0,0,0.5,0.5
"1541",1541,6,8,7,1,0,0.5,0.5
"1542",1542,2,4,3,1,0,0.5,0.5
"1543",1543,2,2,2,1,0,0.5,0.5
"1544",1544,7,7,7,1,0,0.5,0.5
"1545",1545,5,2,3,0,0,0.5,0.5
"1546",1546,2,5,3,0,0,0.5,0.5
"1547",1547,4,6,5,0,0,0.5,0.5
"1548",1548,6,6,6,1,0,0.5,0.5
"1549",1549,7,7,7,0,0,0.5,0.5
"1550",1550,5,5,5,0,0,0.5,0.5
"1551",1551,3,1,2,0,0,0.5,0.5
"1552",1552,4,6,5,0,0,0.5,0.5
"1553",1553,8,6,7,1,0,0.5,0.5
"1554",1554,3,6,4,0,0,0.5,0.5
"1555",1555,7,4,6,0,0,0.5,0.5
"1556",1556,3,5,4,1,0,0.5,0.5
"1557",1557,7,5,6,0,0,0.5,0.5
"1558",1558,7,7,7,1,0,0.5,0.5
"1559",1559,8,6,7,1,0,0.5,0.5
"1560",1560,1,4,2,1,0,0.5,0.5
"1561",1561,3,6,4,1,0,0.5,0.5
"1562",1562,7,7,7,0,0,0.5,0.5
"1563",1563,4,4,4,0,0,0.5,0.5
"1564",1564,5,8,7,1,0,0.5,0.5
"1565",1565,3,3,3,0,0,0.5,0.5
"1566",1566,3,5,4,0,0,0.5,0.5
"1567",1567,3,5,4,0,0,0.5,0.5
"1568",1568,3,3,3,0,0,0.5,0.5
"1569",1569,6,8,7,1,0,0.5,0.5
"1570",1570,3,5,4,0,0,0.5,0.5
"1571",1571,8,6,7,1,0,0.5,0.5
"1572",1572,7,5,6,0,0,0.5,0.5
"1573",1573,6,3,4,1,0,0.5,0.5
"1574",1574,3,5,4,0,0,0.5,0.5
"1575",1575,6,6,6,1,0,0.5,0.5
"1576",1576,8,8,8,1,0,0.5,0.5
"1577",1577,4,4,4,1,0,0.5,0.5
"1578",1578,4,4,4,1,0,0.5,0.5
"1579",1579,7,7,7,1,0,0.5,0.5
"1580",1580,8,5,7,1,0,0.5,0.5
"1581",1581,6,4,5,0,0,0.5,0.5
"1582",1582,5,8,7,0,0,0.5,0.5
"1583",1583,1,4,2,0,0,0.5,0.5
"1584",1584,3,5,4,1,0,0.5,0.5
"1585",1585,8,5,7,1,0,0.5,0.5
"1586",1586,5,2,3,0,0,0.5,0.5
"1587",1587,3,3,3,0,0,0.5,0.5
"1588",1588,2,4,3,0,0,0.5,0.5
"1589",1589,4,7,6,1,0,0.5,0.5
"1590",1590,6,6,6,1,0,0.5,0.5
"1591",1591,4,6,5,0,0,0.5,0.5
"1592",1592,1,4,2,0,0,0.5,0.5
"1593",1593,8,8,8,1,0,0.5,0.5
"1594",1594,1,3,2,0,0,0.5,0.5
"1595",1595,5,2,3,0,0,0.5,0.5
"1596",1596,4,7,6,0,0,0.5,0.5
"1597",1597,3,1,2,1,0,0.5,0.5
"1598",1598,7,4,6,0,0,0.5,0.5
"1599",1599,5,7,6,1,0,0.5,0.5
"1600",1600,7,5,6,1,0,0.5,0.5
"1601",1601,2,5,3,0,0,0.5,0.5
"1602",1602,6,3,4,0,0,0.5,0.5
"1603",1603,6,4,5,1,0,0.5,0.5
"1604",1604,2,4,3,0,0,0.5,0.5
"1605",1605,6,4,5,1,0,0.5,0.5
"1606",1606,8,5,7,0,0,0.5,0.5
"1607",1607,5,8,7,1,0,0.5,0.5
"1608",1608,5,8,7,1,0,0.5,0.5
"1609",1609,3,6,4,0,0,0.5,0.5
"1610",1610,8,8,8,1,0,0.5,0.5
"1611",1611,6,4,5,1,0,0.5,0.5
"1612",1612,5,8,7,1,0,0.5,0.5
"1613",1613,8,8,8,1,0,0.5,0.5
"1614",1614,5,5,5,1,0,0.5,0.5
"1615",1615,4,4,4,0,0,0.5,0.5
"1616",1616,3,3,3,0,0,0.5,0.5
"1617",1617,7,4,6,1,0,0.5,0.5
"1618",1618,1,4,2,0,0,0.5,0.5
"1619",1619,7,4,6,1,0,0.5,0.5
"1620",1620,3,3,3,1,0,0.5,0.5
"1621",1621,1,3,2,0,0,0.5,0.5
"1622",1622,2,4,3,1,0,0.5,0.5
"1623",1623,8,8,8,1,0,0.5,0.5
"1624",1624,5,3,4,0,0,0.5,0.5
"1625",1625,3,6,4,0,0,0.5,0.5
"1626",1626,7,5,6,1,0,0.5,0.5
"1627",1627,2,2,2,0,0,0.5,0.5
"1628",1628,4,2,3,0,0,0.5,0.5
"1629",1629,4,2,3,1,0,0.5,0.5
"1630",1630,2,4,3,0,0,0.5,0.5
"1631",1631,1,4,2,0,0,0.5,0.5
"1632",1632,6,4,5,0,0,0.5,0.5
"1633",1633,7,5,6,1,0,0.5,0.5
"1634",1634,4,2,3,0,0,0.5,0.5
"1635",1635,1,4,2,0,0,0.5,0.5
"1636",1636,7,5,6,1,0,0.5,0.5
"1637",1637,5,8,7,0,0,0.5,0.5
"1638",1638,7,4,6,0,0,0.5,0.5
"1639",1639,7,7,7,0,0,0.5,0.5
"1640",1640,6,3,4,0,0,0.5,0.5
"1641",1641,4,2,3,1,0,0.5,0.5
"1642",1642,5,2,3,0,0,0.5,0.5
"1643",1643,1,1,1,0,0,0.5,0.5
"1644",1644,3,5,4,1,0,0.5,0.5
"1645",1645,8,8,8,1,0,0.5,0.5
"1646",1646,8,5,7,1,0,0.5,0.5
"1647",1647,3,3,3,0,0,0.5,0.5
"1648",1648,2,2,2,0,0,0.5,0.5
"1649",1649,3,5,4,1,0,0.5,0.5
"1650",1650,6,4,5,1,0,0.5,0.5
"1651",1651,4,1,2,0,0,0.5,0.5
"1652",1652,3,5,4,0,0,0.5,0.5
"1653",1653,1,4,2,0,0,0.5,0.5
"1654",1654,5,5,5,1,0,0.5,0.5
"1655",1655,6,4,5,1,0,0.5,0.5
"1656",1656,1,1,1,0,0,0.5,0.5
"1657",1657,7,7,7,0,0,0.5,0.5
"1658",1658,3,1,2,0,0,0.5,0.5
"1659",1659,3,5,4,0,0,0.5,0.5
"1660",1660,8,6,7,1,0,0.5,0.5
"1661",1661,6,8,7,1,0,0.5,0.5
"1662",1662,2,2,2,0,0,0.5,0.5
"1663",1663,1,1,1,0,0,0.5,0.5
"1664",1664,8,6,7,0,0,0.5,0.5
"1665",1665,1,4,2,1,0,0.5,0.5
"1666",1666,2,5,3,0,0,0.5,0.5
"1667",1667,5,5,5,1,0,0.5,0.5
"1668",1668,3,5,4,1,0,0.5,0.5
"1669",1669,8,8,8,1,0,0.5,0.5
"1670",1670,3,5,4,0,0,0.5,0.5
"1671",1671,1,4,2,0,0,0.5,0.5
"1672",1672,4,4,4,1,0,0.5,0.5
"1673",1673,8,5,7,1,0,0.5,0.5
"1674",1674,4,2,3,0,0,0.5,0.5
"1675",1675,1,4,2,0,0,0.5,0.5
"1676",1676,8,5,7,1,0,0.5,0.5
"1677",1677,3,3,3,0,0,0.5,0.5
"1678",1678,4,2,3,0,0,0.5,0.5
"1679",1679,6,6,6,1,0,0.5,0.5
"1680",1680,1,4,2,1,0,0.5,0.5
"1681",1681,5,3,4,0,0,0.5,0.5
"1682",1682,4,4,4,0,0,0.5,0.5
"1683",1683,4,6,5,1,0,0.5,0.5
"1684",1684,4,1,2,1,0,0.5,0.5
"1685",1685,4,7,6,1,0,0.5,0.5
"1686",1686,5,5,5,0,0,0.5,0.5
"1687",1687,1,4,2,0,0,0.5,0.5
"1688",1688,5,8,7,1,0,0.5,0.5
"1689",1689,5,3,4,0,0,0.5,0.5
"1690",1690,1,4,2,0,0,0.5,0.5
"1691",1691,7,7,7,1,0,0.5,0.5
"1692",1692,1,1,1,0,0,0.5,0.5
"1693",1693,3,6,4,1,0,0.5,0.5
"1694",1694,4,2,3,0,0,0.5,0.5
"1695",1695,4,7,6,1,0,0.5,0.5
"1696",1696,7,7,7,1,0,0.5,0.5
"1697",1697,3,3,3,0,0,0.5,0.5
"1698",1698,8,5,7,0,0,0.5,0.5
"1699",1699,4,7,6,1,0,0.5,0.5
"1700",1700,7,7,7,1,0,0.5,0.5
"1701",1701,7,4,6,1,0,0.5,0.5
"1702",1702,7,7,7,1,0,0.5,0.5
"1703",1703,5,3,4,1,0,0.5,0.5
"1704",1704,5,7,6,1,0,0.5,0.5
"1705",1705,5,5,5,1,0,0.5,0.5
"1706",1706,8,5,7,1,0,0.5,0.5
"1707",1707,4,2,3,0,0,0.5,0.5
"1708",1708,8,5,7,1,0,0.5,0.5
"1709",1709,8,5,7,1,0,0.5,0.5
"1710",1710,8,6,7,1,0,0.5,0.5
"1711",1711,8,6,7,0,0,0.5,0.5
"1712",1712,1,1,1,0,0,0.5,0.5
"1713",1713,7,5,6,1,0,0.5,0.5
"1714",1714,5,8,7,1,0,0.5,0.5
"1715",1715,1,1,1,0,0,0.5,0.5
"1716",1716,2,2,2,0,0,0.5,0.5
"1717",1717,2,4,3,0,0,0.5,0.5
"1718",1718,1,4,2,1,0,0.5,0.5
"1719",1719,3,6,4,1,0,0.5,0.5
"1720",1720,5,7,6,0,0,0.5,0.5
"1721",1721,1,1,1,0,0,0.5,0.5
"1722",1722,3,3,3,0,0,0.5,0.5
"1723",1723,3,5,4,1,0,0.5,0.5
"1724",1724,6,4,5,0,0,0.5,0.5
"1725",1725,1,4,2,0,0,0.5,0.5
"1726",1726,4,6,5,1,0,0.5,0.5
"1727",1727,3,6,4,0,0,0.5,0.5
"1728",1728,2,5,3,0,0,0.5,0.5
"1729",1729,3,5,4,0,0,0.5,0.5
"1730",1730,5,8,7,1,0,0.5,0.5
"1731",1731,2,4,3,1,0,0.5,0.5
"1732",1732,2,5,3,0,0,0.5,0.5
"1733",1733,5,2,3,0,0,0.5,0.5
"1734",1734,1,1,1,0,0,0.5,0.5
"1735",1735,8,8,8,1,0,0.5,0.5
"1736",1736,7,4,6,0,0,0.5,0.5
"1737",1737,7,7,7,1,0,0.5,0.5
"1738",1738,5,2,3,0,0,0.5,0.5
"1739",1739,4,7,6,1,0,0.5,0.5
"1740",1740,3,5,4,0,0,0.5,0.5
"1741",1741,8,5,7,1,0,0.5,0.5
"1742",1742,7,4,6,0,0,0.5,0.5
"1743",1743,1,1,1,0,0,0.5,0.5
"1744",1744,1,1,1,0,0,0.5,0.5
"1745",1745,4,7,6,0,0,0.5,0.5
"1746",1746,5,2,3,1,0,0.5,0.5
"1747",1747,4,7,6,0,0,0.5,0.5
"1748",1748,5,5,5,1,0,0.5,0.5
"1749",1749,5,5,5,1,0,0.5,0.5
"1750",1750,8,6,7,1,0,0.5,0.5
"1751",1751,2,5,3,0,0,0.5,0.5
"1752",1752,4,6,5,0,0,0.5,0.5
"1753",1753,1,1,1,0,0,0.5,0.5
"1754",1754,4,2,3,1,0,0.5,0.5
"1755",1755,4,2,3,0,0,0.5,0.5
"1756",1756,3,1,2,0,0,0.5,0.5
"1757",1757,2,2,2,0,0,0.5,0.5
"1758",1758,2,4,3,0,0,0.5,0.5
"1759",1759,4,4,4,1,0,0.5,0.5
"1760",1760,6,8,7,0,0,0.5,0.5
"1761",1761,3,1,2,1,0,0.5,0.5
"1762",1762,4,7,6,1,0,0.5,0.5
"1763",1763,2,4,3,0,0,0.5,0.5
"1764",1764,6,3,4,0,0,0.5,0.5
"1765",1765,5,5,5,1,0,0.5,0.5
"1766",1766,2,5,3,0,0,0.5,0.5
"1767",1767,1,4,2,0,0,0.5,0.5
"1768",1768,2,4,3,1,0,0.5,0.5
"1769",1769,7,7,7,0,0,0.5,0.5
"1770",1770,6,6,6,1,0,0.5,0.5
"1771",1771,6,4,5,1,0,0.5,0.5
"1772",1772,5,2,3,0,0,0.5,0.5
"1773",1773,7,5,6,1,0,0.5,0.5
"1774",1774,4,4,4,1,0,0.5,0.5
"1775",1775,8,5,7,1,0,0.5,0.5
"1776",1776,5,2,3,1,0,0.5,0.5
"1777",1777,1,3,2,0,0,0.5,0.5
"1778",1778,1,3,2,0,0,0.5,0.5
"1779",1779,2,2,2,0,0,0.5,0.5
"1780",1780,8,6,7,1,0,0.5,0.5
"1781",1781,7,4,6,1,0,0.5,0.5
"1782",1782,1,1,1,0,0,0.5,0.5
"1783",1783,3,5,4,0,0,0.5,0.5
"1784",1784,6,6,6,1,0,0.5,0.5
"1785",1785,2,4,3,1,0,0.5,0.5
"1786",1786,1,1,1,0,0,0.5,0.5
"1787",1787,8,5,7,1,0,0.5,0.5
"1788",1788,8,5,7,1,0,0.5,0.5
"1789",1789,1,3,2,0,0,0.5,0.5
"1790",1790,3,1,2,0,0,0.5,0.5
"1791",1791,4,4,4,0,0,0.5,0.5
"1792",1792,1,4,2,0,0,0.5,0.5
"1793",1793,7,5,6,1,0,0.5,0.5
"1794",1794,3,3,3,1,0,0.5,0.5
"1795",1795,1,4,2,0,0,0.5,0.5
"1796",1796,2,4,3,0,0,0.5,0.5
"1797",1797,6,4,5,0,0,0.5,0.5
"1798",1798,8,8,8,1,0,0.5,0.5
"1799",1799,7,4,6,0,0,0.5,0.5
"1800",1800,5,3,4,1,0,0.5,0.5
"1801",1801,6,8,7,1,0,0.5,0.5
"1802",1802,3,6,4,0,0,0.5,0.5
"1803",1803,3,5,4,0,0,0.5,0.5
"1804",1804,3,6,4,0,0,0.5,0.5
"1805",1805,3,5,4,1,0,0.5,0.5
"1806",1806,5,3,4,0,0,0.5,0.5
"1807",1807,8,8,8,1,0,0.5,0.5
"1808",1808,5,5,5,1,0,0.5,0.5
"1809",1809,4,1,2,0,0,0.5,0.5
"1810",1810,8,5,7,1,0,0.5,0.5
"1811",1811,6,8,7,1,0,0.5,0.5
"1812",1812,2,5,3,0,0,0.5,0.5
"1813",1813,7,5,6,0,0,0.5,0.5
"1814",1814,1,4,2,0,0,0.5,0.5
"1815",1815,1,3,2,0,0,0.5,0.5
"1816",1816,8,5,7,1,0,0.5,0.5
"1817",1817,8,5,7,1,0,0.5,0.5
"1818",1818,3,5,4,0,0,0.5,0.5
"1819",1819,7,4,6,1,0,0.5,0.5
"1820",1820,1,1,1,0,0,0.5,0.5
"1821",1821,7,5,6,1,0,0.5,0.5
"1822",1822,7,7,7,1,0,0.5,0.5
"1823",1823,7,4,6,0,0,0.5,0.5
"1824",1824,1,3,2,0,0,0.5,0.5
"1825",1825,5,7,6,0,0,0.5,0.5
"1826",1826,8,6,7,1,0,0.5,0.5
"1827",1827,6,4,5,0,0,0.5,0.5
"1828",1828,5,5,5,1,0,0.5,0.5
"1829",1829,8,8,8,1,0,0.5,0.5
"1830",1830,7,4,6,1,0,0.5,0.5
"1831",1831,5,7,6,0,0,0.5,0.5
"1832",1832,4,4,4,1,0,0.5,0.5
"1833",1833,7,7,7,1,0,0.5,0.5
"1834",1834,7,7,7,0,0,0.5,0.5
"1835",1835,8,6,7,1,0,0.5,0.5
"1836",1836,5,7,6,1,0,0.5,0.5
"1837",1837,7,4,6,0,0,0.5,0.5
"1838",1838,7,7,7,1,0,0.5,0.5
"1839",1839,7,4,6,0,0,0.5,0.5
"1840",1840,8,5,7,1,0,0.5,0.5
"1841",1841,2,5,3,1,0,0.5,0.5
"1842",1842,4,7,6,0,0,0.5,0.5
"1843",1843,4,4,4,1,0,0.5,0.5
"1844",1844,1,4,2,0,0,0.5,0.5
"1845",1845,2,2,2,0,0,0.5,0.5
"1846",1846,3,1,2,0,0,0.5,0.5
"1847",1847,3,1,2,0,0,0.5,0.5
"1848",1848,1,4,2,0,0,0.5,0.5
"1849",1849,2,2,2,0,0,0.5,0.5
"1850",1850,5,5,5,1,0,0.5,0.5
"1851",1851,5,7,6,0,0,0.5,0.5
"1852",1852,7,5,6,0,0,0.5,0.5
"1853",1853,2,5,3,1,0,0.5,0.5
"1854",1854,7,4,6,0,0,0.5,0.5
"1855",1855,1,3,2,0,0,0.5,0.5
"1856",1856,1,4,2,0,0,0.5,0.5
"1857",1857,5,7,6,0,0,0.5,0.5
"1858",1858,5,3,4,0,0,0.5,0.5
"1859",1859,2,4,3,0,0,0.5,0.5
"1860",1860,7,7,7,0,0,0.5,0.5
"1861",1861,8,5,7,1,0,0.5,0.5
"1862",1862,5,7,6,1,0,0.5,0.5
"1863",1863,4,6,5,0,0,0.5,0.5
"1864",1864,3,1,2,1,0,0.5,0.5
"1865",1865,7,4,6,1,0,0.5,0.5
"1866",1866,3,6,4,0,0,0.5,0.5
"1867",1867,6,8,7,0,0,0.5,0.5
"1868",1868,8,6,7,0,0,0.5,0.5
"1869",1869,5,7,6,1,0,0.5,0.5
"1870",1870,5,8,7,1,0,0.5,0.5
"1871",1871,6,4,5,0,0,0.5,0.5
"1872",1872,8,5,7,1,0,0.5,0.5
"1873",1873,1,3,2,0,0,0.5,0.5
"1874",1874,8,6,7,1,0,0.5,0.5
"1875",1875,1,4,2,0,0,0.5,0.5
"1876",1876,6,4,5,0,0,0.5,0.5
"1877",1877,6,3,4,0,0,0.5,0.5
"1878",1878,4,6,5,1,0,0.5,0.5
"1879",1879,2,2,2,0,0,0.5,0.5
"1880",1880,2,5,3,1,0,0.5,0.5
"1881",1881,4,7,6,1,0,0.5,0.5
"1882",1882,5,8,7,1,0,0.5,0.5
"1883",1883,4,7,6,0,0,0.5,0.5
"1884",1884,3,3,3,0,0,0.5,0.5
"1885",1885,5,7,6,1,0,0.5,0.5
"1886",1886,2,2,2,0,0,0.5,0.5
"1887",1887,8,8,8,1,0,0.5,0.5
"1888",1888,1,1,1,0,0,0.5,0.5
"1889",1889,2,2,2,0,0,0.5,0.5
"1890",1890,8,8,8,1,0,0.5,0.5
"1891",1891,5,3,4,1,0,0.5,0.5
"1892",1892,3,6,4,1,0,0.5,0.5
"1893",1893,6,4,5,0,0,0.5,0.5
"1894",1894,5,7,6,1,0,0.5,0.5
"1895",1895,5,7,6,1,0,0.5,0.5
"1896",1896,3,6,4,0,0,0.5,0.5
"1897",1897,4,1,2,0,0,0.5,0.5
"1898",1898,5,7,6,1,0,0.5,0.5
"1899",1899,6,6,6,1,0,0.5,0.5
"1900",1900,6,6,6,1,0,0.5,0.5
"1901",1901,1,1,1,0,0,0.5,0.5
"1902",1902,2,4,3,0,0,0.5,0.5
"1903",1903,7,5,6,0,0,0.5,0.5
"1904",1904,5,2,3,1,0,0.5,0.5
"1905",1905,6,4,5,0,0,0.5,0.5
"1906",1906,5,8,7,0,0,0.5,0.5
"1907",1907,4,4,4,1,0,0.5,0.5
"1908",1908,3,6,4,0,0,0.5,0.5
"1909",1909,2,2,2,0,0,0.5,0.5
"1910",1910,3,1,2,0,0,0.5,0.5
"1911",1911,6,4,5,0,0,0.5,0.5
"1912",1912,3,3,3,0,0,0.5,0.5
"1913",1913,2,5,3,0,0,0.5,0.5
"1914",1914,5,2,3,0,0,0.5,0.5
"1915",1915,2,4,3,1,0,0.5,0.5
"1916",1916,3,5,4,1,0,0.5,0.5
"1917",1917,6,6,6,1,0,0.5,0.5
"1918",1918,4,2,3,1,0,0.5,0.5
"1919",1919,3,5,4,1,0,0.5,0.5
"1920",1920,3,6,4,1,0,0.5,0.5
"1921",1921,7,4,6,1,0,0.5,0.5
"1922",1922,4,6,5,0,0,0.5,0.5
"1923",1923,1,3,2,0,0,0.5,0.5
"1924",1924,2,5,3,0,0,0.5,0.5
"1925",1925,1,4,2,0,0,0.5,0.5
"1926",1926,2,2,2,0,0,0.5,0.5
"1927",1927,7,4,6,1,0,0.5,0.5
"1928",1928,1,4,2,1,0,0.5,0.5
"1929",1929,3,6,4,1,0,0.5,0.5
"1930",1930,1,4,2,1,0,0.5,0.5
"1931",1931,7,5,6,0,0,0.5,0.5
"1932",1932,1,1,1,0,0,0.5,0.5
"1933",1933,7,5,6,1,0,0.5,0.5
"1934",1934,4,7,6,1,0,0.5,0.5
"1935",1935,8,6,7,1,0,0.5,0.5
"1936",1936,2,5,3,0,0,0.5,0.5
"1937",1937,8,5,7,0,0,0.5,0.5
"1938",1938,3,1,2,0,0,0.5,0.5
"1939",1939,6,4,5,0,0,0.5,0.5
"1940",1940,4,7,6,1,0,0.5,0.5
"1941",1941,8,8,8,1,0,0.5,0.5
"1942",1942,4,2,3,0,0,0.5,0.5
"1943",1943,7,4,6,0,0,0.5,0.5
"1944",1944,6,4,5,0,0,0.5,0.5
"1945",1945,3,1,2,1,0,0.5,0.5
"1946",1946,2,2,2,0,0,0.5,0.5
"1947",1947,7,4,6,0,0,0.5,0.5
"1948",1948,8,6,7,1,0,0.5,0.5
"1949",1949,3,1,2,0,0,0.5,0.5
"1950",1950,5,7,6,1,0,0.5,0.5
"1951",1951,6,8,7,1,0,0.5,0.5
"1952",1952,3,5,4,1,0,0.5,0.5
"1953",1953,6,8,7,1,0,0.5,0.5
"1954",1954,1,3,2,0,0,0.5,0.5
"1955",1955,4,4,4,0,0,0.5,0.5
"1956",1956,6,4,5,1,0,0.5,0.5
"1957",1957,6,8,7,0,0,0.5,0.5
"1958",1958,5,7,6,1,0,0.5,0.5
"1959",1959,5,8,7,1,0,0.5,0.5
"1960",1960,5,5,5,1,0,0.5,0.5
"1961",1961,2,2,2,0,0,0.5,0.5
"1962",1962,6,3,4,0,0,0.5,0.5
"1963",1963,1,4,2,1,0,0.5,0.5
"1964",1964,6,4,5,1,0,0.5,0.5
"1965",1965,2,5,3,0,0,0.5,0.5
"1966",1966,7,5,6,1,0,0.5,0.5
"1967",1967,7,5,6,1,0,0.5,0.5
"1968",1968,3,3,3,0,0,0.5,0.5
"1969",1969,1,4,2,0,0,0.5,0.5
"1970",1970,1,4,2,0,0,0.5,0.5
"1971",1971,6,4,5,1,0,0.5,0.5
"1972",1972,7,7,7,1,0,0.5,0.5
"1973",1973,6,8,7,1,0,0.5,0.5
"1974",1974,4,2,3,0,0,0.5,0.5
"1975",1975,2,2,2,0,0,0.5,0.5
"1976",1976,8,6,7,1,0,0.5,0.5
"1977",1977,8,6,7,0,0,0.5,0.5
"1978",1978,6,3,4,0,0,0.5,0.5
"1979",1979,7,5,6,1,0,0.5,0.5
"1980",1980,2,2,2,0,0,0.5,0.5
"1981",1981,1,1,1,0,0,0.5,0.5
"1982",1982,1,1,1,0,0,0.5,0.5
"1983",1983,6,3,4,0,0,0.5,0.5
"1984",1984,2,4,3,0,0,0.5,0.5
"1985",1985,3,5,4,0,0,0.5,0.5
"1986",1986,8,5,7,0,0,0.5,0.5
"1987",1987,8,6,7,1,0,0.5,0.5
"1988",1988,1,1,1,0,0,0.5,0.5
"1989",1989,7,7,7,0,0,0.5,0.5
"1990",1990,1,3,2,1,0,0.5,0.5
"1991",1991,7,5,6,0,0,0.5,0.5
"1992",1992,7,4,6,0,0,0.5,0.5
"1993",1993,4,7,6,1,0,0.5,0.5
"1994",1994,4,1,2,0,0,0.5,0.5
"1995",1995,7,7,7,1,0,0.5,0.5
"1996",1996,7,7,7,1,0,0.5,0.5
"1997",1997,2,2,2,0,0,0.5,0.5
"1998",1998,6,8,7,1,0,0.5,0.5
"1999",1999,7,7,7,1,0,0.5,0.5
"2000",2000,7,5,6,0,0,0.5,0.5
"2001",2001,5,3,4,1,0,0.5,0.5
"2002",2002,1,4,2,1,0,0.5,0.5
"2003",2003,1,1,1,0,0,0.5,0.5
"2004",2004,5,3,4,1,0,0.5,0.5
"2005",2005,8,8,8,1,0,0.5,0.5
"2006",2006,2,2,2,0,0,0.5,0.5
"2007",2007,6,8,7,1,0,0.5,0.5
"2008",2008,6,8,7,1,0,0.5,0.5
"2009",2009,6,4,5,0,0,0.5,0.5
"2010",2010,6,8,7,1,0,0.5,0.5
"2011",2011,1,3,2,0,0,0.5,0.5
"2012",2012,1,3,2,0,0,0.5,0.5
"2013",2013,3,6,4,1,0,0.5,0.5
"2014",2014,1,3,2,1,0,0.5,0.5
"2015",2015,6,4,5,0,0,0.5,0.5
"2016",2016,6,3,4,0,0,0.5,0.5
"2017",2017,1,1,1,0,0,0.5,0.5
"2018",2018,2,4,3,1,0,0.5,0.5
"2019",2019,6,6,6,1,0,0.5,0.5
"2020",2020,2,5,3,0,0,0.5,0.5
"2021",2021,8,6,7,1,0,0.5,0.5
"2022",2022,6,6,6,0,0,0.5,0.5
"2023",2023,7,7,7,1,0,0.5,0.5
"2024",2024,3,1,2,0,0,0.5,0.5
"2025",2025,6,4,5,0,0,0.5,0.5
"2026",2026,7,7,7,1,0,0.5,0.5
"2027",2027,1,4,2,0,0,0.5,0.5
"2028",2028,4,6,5,1,0,0.5,0.5
"2029",2029,6,3,4,0,0,0.5,0.5
"2030",2030,8,6,7,1,0,0.5,0.5
"2031",2031,3,1,2,0,0,0.5,0.5
"2032",2032,6,4,5,0,0,0.5,0.5
"2033",2033,6,3,4,0,0,0.5,0.5
"2034",2034,6,8,7,1,0,0.5,0.5
"2035",2035,8,5,7,1,0,0.5,0.5
"2036",2036,6,8,7,1,0,0.5,0.5
"2037",2037,1,1,1,0,0,0.5,0.5
"2038",2038,3,6,4,1,0,0.5,0.5
"2039",2039,4,4,4,1,0,0.5,0.5
"2040",2040,5,8,7,0,0,0.5,0.5
"2041",2041,7,5,6,1,0,0.5,0.5
"2042",2042,3,3,3,0,0,0.5,0.5
"2043",2043,2,4,3,1,0,0.5,0.5
"2044",2044,4,6,5,1,0,0.5,0.5
"2045",2045,2,2,2,1,0,0.5,0.5
"2046",2046,3,1,2,0,0,0.5,0.5
"2047",2047,8,6,7,1,0,0.5,0.5
"2048",2048,1,1,1,0,0,0.5,0.5
"2049",2049,8,5,7,1,0,0.5,0.5
"2050",2050,2,2,2,0,0,0.5,0.5
"2051",2051,4,6,5,0,0,0.5,0.5
"2052",2052,3,1,2,0,0,0.5,0.5
"2053",2053,4,6,5,0,0,0.5,0.5
"2054",2054,8,5,7,1,0,0.5,0.5
"2055",2055,8,6,7,1,0,0.5,0.5
"2056",2056,2,5,3,0,0,0.5,0.5
"2057",2057,3,6,4,1,0,0.5,0.5
"2058",2058,5,7,6,1,0,0.5,0.5
"2059",2059,7,7,7,1,0,0.5,0.5
"2060",2060,6,4,5,1,0,0.5,0.5
"2061",2061,8,6,7,1,0,0.5,0.5
"2062",2062,3,6,4,1,0,0.5,0.5
"2063",2063,6,8,7,0,0,0.5,0.5
"2064",2064,4,2,3,0,0,0.5,0.5
"2065",2065,6,3,4,0,0,0.5,0.5
"2066",2066,7,7,7,1,0,0.5,0.5
"2067",2067,5,8,7,0,0,0.5,0.5
"2068",2068,1,1,1,0,0,0.5,0.5
"2069",2069,1,4,2,0,0,0.5,0.5
"2070",2070,7,7,7,1,0,0.5,0.5
"2071",2071,5,8,7,1,0,0.5,0.5
"2072",2072,8,6,7,1,0,0.5,0.5
"2073",2073,1,1,1,0,0,0.5,0.5
"2074",2074,4,4,4,0,0,0.5,0.5
"2075",2075,8,5,7,0,0,0.5,0.5
"2076",2076,2,2,2,1,0,0.5,0.5
"2077",2077,2,4,3,1,0,0.5,0.5
"2078",2078,7,4,6,1,0,0.5,0.5
"2079",2079,1,4,2,0,0,0.5,0.5
"2080",2080,1,4,2,0,0,0.5,0.5
"2081",2081,3,3,3,0,0,0.5,0.5
"2082",2082,6,8,7,1,0,0.5,0.5
"2083",2083,6,3,4,0,0,0.5,0.5
"2084",2084,6,4,5,1,0,0.5,0.5
"2085",2085,4,6,5,1,0,0.5,0.5
"2086",2086,8,5,7,1,0,0.5,0.5
"2087",2087,6,4,5,0,0,0.5,0.5
"2088",2088,2,5,3,0,0,0.5,0.5
"2089",2089,4,6,5,0,0,0.5,0.5
"2090",2090,8,8,8,1,0,0.5,0.5
"2091",2091,4,1,2,0,0,0.5,0.5
"2092",2092,3,5,4,0,0,0.5,0.5
"2093",2093,3,5,4,0,0,0.5,0.5
"2094",2094,3,6,4,1,0,0.5,0.5
"2095",2095,5,8,7,1,0,0.5,0.5
"2096",2096,3,3,3,0,0,0.5,0.5
"2097",2097,2,2,2,0,0,0.5,0.5
"2098",2098,1,3,2,0,0,0.5,0.5
"2099",2099,7,7,7,1,0,0.5,0.5
"2100",2100,2,4,3,0,0,0.5,0.5
"2101",2101,7,4,6,1,0,0.5,0.5
"2102",2102,5,3,4,1,0,0.5,0.5
"2103",2103,7,4,6,1,0,0.5,0.5
"2104",2104,8,5,7,1,0,0.5,0.5
"2105",2105,5,5,5,1,0,0.5,0.5
"2106",2106,5,8,7,1,0,0.5,0.5
"2107",2107,8,8,8,1,0,0.5,0.5
"2108",2108,4,4,4,1,0,0.5,0.5
"2109",2109,6,3,4,0,0,0.5,0.5
"2110",2110,4,2,3,0,0,0.5,0.5
"2111",2111,8,5,7,1,0,0.5,0.5
"2112",2112,3,6,4,1,0,0.5,0.5
"2113",2113,3,1,2,1,0,0.5,0.5
"2114",2114,5,2,3,0,0,0.5,0.5
"2115",2115,1,4,2,1,0,0.5,0.5
"2116",2116,4,6,5,1,0,0.5,0.5
"2117",2117,7,5,6,0,0,0.5,0.5
"2118",2118,1,1,1,1,0,0.5,0.5
"2119",2119,3,5,4,0,0,0.5,0.5
"2120",2120,7,5,6,1,0,0.5,0.5
"2121",2121,4,1,2,0,0,0.5,0.5
"2122",2122,3,1,2,0,0,0.5,0.5
"2123",2123,7,5,6,1,0,0.5,0.5
"2124",2124,1,3,2,0,0,0.5,0.5
"2125",2125,1,1,1,0,0,0.5,0.5
"2126",2126,7,5,6,0,0,0.5,0.5
"2127",2127,8,8,8,1,0,0.5,0.5
"2128",2128,4,7,6,1,0,0.5,0.5
"2129",2129,6,4,5,0,0,0.5,0.5
"2130",2130,2,5,3,0,0,0.5,0.5
"2131",2131,5,3,4,0,0,0.5,0.5
"2132",2132,5,7,6,0,0,0.5,0.5
"2133",2133,1,3,2,0,0,0.5,0.5
"2134",2134,1,3,2,0,0,0.5,0.5
"2135",2135,3,3,3,0,0,0.5,0.5
"2136",2136,1,3,2,0,0,0.5,0.5
"2137",2137,7,5,6,1,0,0.5,0.5
"2138",2138,6,8,7,0,0,0.5,0.5
"2139",2139,2,5,3,0,0,0.5,0.5
"2140",2140,6,4,5,1,0,0.5,0.5
"2141",2141,4,4,4,1,0,0.5,0.5
"2142",2142,3,3,3,0,0,0.5,0.5
"2143",2143,1,3,2,1,0,0.5,0.5
"2144",2144,6,4,5,1,0,0.5,0.5
"2145",2145,1,4,2,0,0,0.5,0.5
"2146",2146,3,1,2,0,0,0.5,0.5
"2147",2147,7,4,6,0,0,0.5,0.5
"2148",2148,2,4,3,0,0,0.5,0.5
"2149",2149,8,6,7,1,0,0.5,0.5
"2150",2150,1,4,2,0,0,0.5,0.5
"2151",2151,7,5,6,1,0,0.5,0.5
"2152",2152,2,5,3,1,0,0.5,0.5
"2153",2153,6,3,4,1,0,0.5,0.5
"2154",2154,6,3,4,0,0,0.5,0.5
"2155",2155,2,2,2,0,0,0.5,0.5
"2156",2156,4,2,3,1,0,0.5,0.5
"2157",2157,5,3,4,0,0,0.5,0.5
"2158",2158,3,3,3,0,0,0.5,0.5
"2159",2159,4,7,6,1,0,0.5,0.5
"2160",2160,5,3,4,0,0,0.5,0.5
"2161",2161,3,5,4,1,0,0.5,0.5
"2162",2162,7,5,6,1,0,0.5,0.5
"2163",2163,3,6,4,0,0,0.5,0.5
"2164",2164,7,7,7,1,0,0.5,0.5
"2165",2165,5,2,3,0,0,0.5,0.5
"2166",2166,5,5,5,0,0,0.5,0.5
"2167",2167,8,8,8,1,0,0.5,0.5
"2168",2168,8,8,8,1,0,0.5,0.5
"2169",2169,1,1,1,1,0,0.5,0.5
"2170",2170,2,4,3,0,0,0.5,0.5
"2171",2171,5,5,5,1,0,0.5,0.5
"2172",2172,7,4,6,0,0,0.5,0.5
"2173",2173,2,5,3,1,0,0.5,0.5
"2174",2174,5,7,6,0,0,0.5,0.5
"2175",2175,1,3,2,0,0,0.5,0.5
"2176",2176,7,5,6,0,0,0.5,0.5
"2177",2177,3,3,3,1,0,0.5,0.5
"2178",2178,5,5,5,0,0,0.5,0.5
"2179",2179,2,2,2,0,0,0.5,0.5
"2180",2180,4,6,5,1,0,0.5,0.5
"2181",2181,8,5,7,1,0,0.5,0.5
"2182",2182,4,2,3,0,0,0.5,0.5
"2183",2183,8,6,7,0,0,0.5,0.5
"2184",2184,4,6,5,1,0,0.5,0.5
"2185",2185,1,1,1,0,0,0.5,0.5
"2186",2186,6,4,5,1,0,0.5,0.5
"2187",2187,5,5,5,1,0,0.5,0.5
"2188",2188,5,2,3,0,0,0.5,0.5
"2189",2189,1,1,1,0,0,0.5,0.5
"2190",2190,6,6,6,1,0,0.5,0.5
"2191",2191,6,6,6,1,0,0.5,0.5
"2192",2192,2,4,3,0,0,0.5,0.5
"2193",2193,6,6,6,0,0,0.5,0.5
"2194",2194,8,8,8,1,0,0.5,0.5
"2195",2195,6,6,6,1,0,0.5,0.5
"2196",2196,8,5,7,0,0,0.5,0.5
"2197",2197,1,3,2,0,0,0.5,0.5
"2198",2198,2,2,2,1,0,0.5,0.5
"2199",2199,8,5,7,1,0,0.5,0.5
"2200",2200,4,7,6,1,0,0.5,0.5
"2201",2201,1,4,2,0,0,0.5,0.5
"2202",2202,8,5,7,1,0,0.5,0.5
"2203",2203,1,4,2,0,0,0.5,0.5
"2204",2204,6,4,5,0,0,0.5,0.5
"2205",2205,7,4,6,1,0,0.5,0.5
"2206",2206,8,8,8,1,0,0.5,0.5
"2207",2207,1,1,1,0,0,0.5,0.5
"2208",2208,4,6,5,1,0,0.5,0.5
"2209",2209,1,4,2,1,0,0.5,0.5
"2210",2210,7,7,7,1,0,0.5,0.5
"2211",2211,7,5,6,1,0,0.5,0.5
"2212",2212,6,6,6,0,0,0.5,0.5
"2213",2213,5,2,3,1,0,0.5,0.5
"2214",2214,3,6,4,0,0,0.5,0.5
"2215",2215,1,1,1,0,0,0.5,0.5
"2216",2216,8,5,7,1,0,0.5,0.5
"2217",2217,8,5,7,1,0,0.5,0.5
"2218",2218,4,7,6,1,0,0.5,0.5
"2219",2219,3,1,2,0,0,0.5,0.5
"2220",2220,5,7,6,1,0,0.5,0.5
"2221",2221,1,3,2,0,0,0.5,0.5
"2222",2222,6,6,6,0,0,0.5,0.5
"2223",2223,4,1,2,1,0,0.5,0.5
"2224",2224,2,2,2,0,0,0.5,0.5
"2225",2225,5,7,6,0,0,0.5,0.5
"2226",2226,4,6,5,1,0,0.5,0.5
"2227",2227,7,7,7,1,0,0.5,0.5
"2228",2228,8,6,7,0,0,0.5,0.5
"2229",2229,2,4,3,0,0,0.5,0.5
"2230",2230,5,8,7,1,0,0.5,0.5
"2231",2231,1,3,2,0,0,0.5,0.5
"2232",2232,6,3,4,1,0,0.5,0.5
"2233",2233,1,3,2,0,0,0.5,0.5
"2234",2234,8,6,7,0,0,0.5,0.5
"2235",2235,1,3,2,0,0,0.5,0.5
"2236",2236,7,5,6,1,0,0.5,0.5
"2237",2237,2,4,3,1,0,0.5,0.5
"2238",2238,4,6,5,0,0,0.5,0.5
"2239",2239,7,5,6,0,0,0.5,0.5
"2240",2240,6,3,4,0,0,0.5,0.5
"2241",2241,7,5,6,1,0,0.5,0.5
"2242",2242,4,4,4,1,0,0.5,0.5
"2243",2243,8,5,7,1,0,0.5,0.5
"2244",2244,6,3,4,1,0,0.5,0.5
"2245",2245,2,4,3,1,0,0.5,0.5
"2246",2246,3,1,2,0,0,0.5,0.5
"2247",2247,3,3,3,1,0,0.5,0.5
"2248",2248,1,4,2,0,0,0.5,0.5
"2249",2249,7,7,7,1,0,0.5,0.5
"2250",2250,4,6,5,0,0,0.5,0.5
"2251",2251,1,4,2,0,0,0.5,0.5
"2252",2252,3,1,2,0,0,0.5,0.5
"2253",2253,1,3,2,0,0,0.5,0.5
"2254",2254,5,5,5,1,0,0.5,0.5
"2255",2255,2,2,2,1,0,0.5,0.5
"2256",2256,6,3,4,0,0,0.5,0.5
"2257",2257,3,6,4,0,0,0.5,0.5
"2258",2258,6,8,7,0,0,0.5,0.5
"2259",2259,8,8,8,0,0,0.5,0.5
"2260",2260,5,7,6,1,0,0.5,0.5
"2261",2261,6,3,4,1,0,0.5,0.5
"2262",2262,4,7,6,1,0,0.5,0.5
"2263",2263,2,4,3,1,0,0.5,0.5
"2264",2264,3,5,4,1,0,0.5,0.5
"2265",2265,4,1,2,0,0,0.5,0.5
"2266",2266,1,3,2,0,0,0.5,0.5
"2267",2267,5,5,5,1,0,0.5,0.5
"2268",2268,3,1,2,0,0,0.5,0.5
"2269",2269,4,7,6,1,0,0.5,0.5
"2270",2270,7,7,7,1,0,0.5,0.5
"2271",2271,5,8,7,1,0,0.5,0.5
"2272",2272,8,6,7,1,0,0.5,0.5
"2273",2273,6,6,6,1,0,0.5,0.5
"2274",2274,4,7,6,1,0,0.5,0.5
"2275",2275,7,5,6,1,0,0.5,0.5
"2276",2276,1,4,2,0,0,0.5,0.5
"2277",2277,6,3,4,1,0,0.5,0.5
"2278",2278,5,5,5,1,0,0.5,0.5
"2279",2279,8,6,7,0,0,0.5,0.5
"2280",2280,5,3,4,1,0,0.5,0.5
"2281",2281,3,1,2,0,0,0.5,0.5
"2282",2282,7,5,6,1,0,0.5,0.5
"2283",2283,1,1,1,0,0,0.5,0.5
"2284",2284,6,4,5,1,0,0.5,0.5
"2285",2285,3,1,2,0,0,0.5,0.5
"2286",2286,2,4,3,0,0,0.5,0.5
"2287",2287,5,3,4,0,0,0.5,0.5
"2288",2288,8,5,7,1,0,0.5,0.5
"2289",2289,4,4,4,0,0,0.5,0.5
"2290",2290,1,1,1,0,0,0.5,0.5
"2291",2291,4,2,3,0,0,0.5,0.5
"2292",2292,7,7,7,1,0,0.5,0.5
"2293",2293,6,8,7,1,0,0.5,0.5
"2294",2294,4,6,5,1,0,0.5,0.5
"2295",2295,8,5,7,0,0,0.5,0.5
"2296",2296,1,4,2,0,0,0.5,0.5
"2297",2297,7,4,6,1,0,0.5,0.5
"2298",2298,7,4,6,1,0,0.5,0.5
"2299",2299,5,5,5,1,0,0.5,0.5
"2300",2300,5,3,4,0,0,0.5,0.5
"2301",2301,2,4,3,0,0,0.5,0.5
"2302",2302,1,3,2,1,0,0.5,0.5
"2303",2303,3,3,3,1,0,0.5,0.5
"2304",2304,3,5,4,1,0,0.5,0.5
"2305",2305,3,3,3,1,0,0.5,0.5
"2306",2306,8,5,7,1,0,0.5,0.5
"2307",2307,6,3,4,1,0,0.5,0.5
"2308",2308,6,3,4,1,0,0.5,0.5
"2309",2309,2,2,2,0,0,0.5,0.5
"2310",2310,8,5,7,1,0,0.5,0.5
"2311",2311,4,2,3,1,0,0.5,0.5
"2312",2312,7,7,7,1,0,0.5,0.5
"2313",2313,7,5,6,1,0,0.5,0.5
"2314",2314,5,8,7,0,0,0.5,0.5
"2315",2315,8,5,7,0,0,0.5,0.5
"2316",2316,7,5,6,1,0,0.5,0.5
"2317",2317,5,8,7,1,0,0.5,0.5
"2318",2318,4,4,4,0,0,0.5,0.5
"2319",2319,1,1,1,0,0,0.5,0.5
"2320",2320,1,3,2,0,0,0.5,0.5
"2321",2321,7,4,6,0,0,0.5,0.5
"2322",2322,6,6,6,1,0,0.5,0.5
"2323",2323,6,4,5,1,0,0.5,0.5
"2324",2324,1,3,2,0,0,0.5,0.5
"2325",2325,3,3,3,1,0,0.5,0.5
"2326",2326,4,4,4,0,0,0.5,0.5
"2327",2327,7,4,6,1,0,0.5,0.5
"2328",2328,7,4,6,1,0,0.5,0.5
"2329",2329,2,2,2,0,0,0.5,0.5
"2330",2330,4,4,4,0,0,0.5,0.5
"2331",2331,6,8,7,1,0,0.5,0.5
"2332",2332,3,5,4,1,0,0.5,0.5
"2333",2333,5,8,7,1,0,0.5,0.5
"2334",2334,2,5,3,1,0,0.5,0.5
"2335",2335,3,6,4,1,0,0.5,0.5
"2336",2336,3,5,4,1,0,0.5,0.5
"2337",2337,3,5,4,1,0,0.5,0.5
"2338",2338,6,3,4,0,0,0.5,0.5
"2339",2339,5,2,3,1,0,0.5,0.5
"2340",2340,8,8,8,0,0,0.5,0.5
"2341",2341,4,1,2,0,0,0.5,0.5
"2342",2342,3,6,4,0,0,0.5,0.5
"2343",2343,8,8,8,1,0,0.5,0.5
"2344",2344,2,4,3,1,0,0.5,0.5
"2345",2345,7,7,7,1,0,0.5,0.5
"2346",2346,7,5,6,1,0,0.5,0.5
"2347",2347,2,5,3,0,0,0.5,0.5
"2348",2348,8,8,8,1,0,0.5,0.5
"2349",2349,7,7,7,1,0,0.5,0.5
"2350",2350,6,4,5,1,0,0.5,0.5
"2351",2351,6,6,6,1,0,0.5,0.5
"2352",2352,5,8,7,0,0,0.5,0.5
"2353",2353,7,4,6,1,0,0.5,0.5
"2354",2354,7,5,6,1,0,0.5,0.5
"2355",2355,6,3,4,1,0,0.5,0.5
"2356",2356,2,2,2,0,0,0.5,0.5
"2357",2357,4,2,3,1,0,0.5,0.5
"2358",2358,8,5,7,0,0,0.5,0.5
"2359",2359,8,6,7,1,0,0.5,0.5
"2360",2360,6,3,4,1,0,0.5,0.5
"2361",2361,1,1,1,0,0,0.5,0.5
"2362",2362,4,7,6,0,0,0.5,0.5
"2363",2363,2,2,2,0,0,0.5,0.5
"2364",2364,2,4,3,1,0,0.5,0.5
"2365",2365,5,5,5,1,0,0.5,0.5
"2366",2366,7,4,6,1,0,0.5,0.5
"2367",2367,8,8,8,1,0,0.5,0.5
"2368",2368,5,2,3,0,0,0.5,0.5
"2369",2369,4,1,2,0,0,0.5,0.5
"2370",2370,6,8,7,1,0,0.5,0.5
"2371",2371,7,5,6,1,0,0.5,0.5
"2372",2372,1,1,1,1,0,0.5,0.5
"2373",2373,2,5,3,1,0,0.5,0.5
"2374",2374,6,8,7,1,0,0.5,0.5
"2375",2375,7,7,7,1,0,0.5,0.5
"2376",2376,7,4,6,0,0,0.5,0.5
"2377",2377,5,5,5,1,0,0.5,0.5
"2378",2378,8,6,7,1,0,0.5,0.5
"2379",2379,3,6,4,1,0,0.5,0.5
"2380",2380,8,5,7,1,0,0.5,0.5
"2381",2381,7,5,6,0,0,0.5,0.5
"2382",2382,8,8,8,1,0,0.5,0.5
"2383",2383,1,3,2,0,0,0.5,0.5
"2384",2384,4,4,4,1,0,0.5,0.5
"2385",2385,8,6,7,1,0,0.5,0.5
"2386",2386,6,6,6,0,0,0.5,0.5
"2387",2387,7,7,7,0,0,0.5,0.5
"2388",2388,6,3,4,1,0,0.5,0.5
"2389",2389,3,3,3,0,0,0.5,0.5
"2390",2390,2,4,3,0,0,0.5,0.5
"2391",2391,7,5,6,1,0,0.5,0.5
"2392",2392,2,2,2,0,0,0.5,0.5
"2393",2393,8,5,7,1,0,0.5,0.5
"2394",2394,2,5,3,0,0,0.5,0.5
"2395",2395,7,4,6,1,0,0.5,0.5
"2396",2396,6,3,4,0,0,0.5,0.5
"2397",2397,4,2,3,1,0,0.5,0.5
"2398",2398,4,7,6,0,0,0.5,0.5
"2399",2399,3,6,4,1,0,0.5,0.5
"2400",2400,3,6,4,1,0,0.5,0.5
"2401",2401,2,5,3,0,0,0.5,0.5
"2402",2402,7,4,6,1,0,0.5,0.5
"2403",2403,5,5,5,1,0,0.5,0.5
"2404",2404,3,6,4,1,0,0.5,0.5
"2405",2405,5,3,4,1,0,0.5,0.5
"2406",2406,4,7,6,0,0,0.5,0.5
"2407",2407,5,7,6,1,0,0.5,0.5
"2408",2408,5,3,4,1,0,0.5,0.5
"2409",2409,3,6,4,0,0,0.5,0.5
"2410",2410,8,6,7,1,0,0.5,0.5
"2411",2411,8,6,7,1,0,0.5,0.5
"2412",2412,6,8,7,1,0,0.5,0.5
"2413",2413,6,3,4,0,0,0.5,0.5
"2414",2414,6,4,5,1,0,0.5,0.5
"2415",2415,4,2,3,0,0,0.5,0.5
"2416",2416,4,7,6,1,0,0.5,0.5
"2417",2417,1,4,2,0,0,0.5,0.5
"2418",2418,4,4,4,0,0,0.5,0.5
"2419",2419,6,4,5,1,0,0.5,0.5
"2420",2420,4,1,2,0,0,0.5,0.5
"2421",2421,3,3,3,0,0,0.5,0.5
"2422",2422,4,7,6,1,0,0.5,0.5
"2423",2423,8,5,7,1,0,0.5,0.5
"2424",2424,3,3,3,0,0,0.5,0.5
"2425",2425,7,7,7,1,0,0.5,0.5
"2426",2426,5,2,3,1,0,0.5,0.5
"2427",2427,4,6,5,0,0,0.5,0.5
"2428",2428,8,6,7,1,0,0.5,0.5
"2429",2429,2,4,3,0,0,0.5,0.5
"2430",2430,8,6,7,1,0,0.5,0.5
"2431",2431,2,2,2,0,0,0.5,0.5
"2432",2432,6,6,6,0,0,0.5,0.5
"2433",2433,5,2,3,0,0,0.5,0.5
"2434",2434,7,7,7,1,0,0.5,0.5
"2435",2435,3,5,4,0,0,0.5,0.5
"2436",2436,2,5,3,1,0,0.5,0.5
"2437",2437,3,3,3,1,0,0.5,0.5
"2438",2438,2,2,2,0,0,0.5,0.5
"2439",2439,5,7,6,0,0,0.5,0.5
"2440",2440,2,4,3,1,0,0.5,0.5
"2441",2441,1,3,2,0,0,0.5,0.5
"2442",2442,1,4,2,0,0,0.5,0.5
"2443",2443,7,7,7,1,0,0.5,0.5
"2444",2444,6,3,4,1,0,0.5,0.5
"2445",2445,2,5,3,0,0,0.5,0.5
"2446",2446,7,4,6,1,0,0.5,0.5
"2447",2447,7,7,7,1,0,0.5,0.5
"2448",2448,5,8,7,1,0,0.5,0.5
"2449",2449,2,5,3,0,0,0.5,0.5
"2450",2450,4,4,4,1,0,0.5,0.5
"2451",2451,8,6,7,0,0,0.5,0.5
"2452",2452,1,1,1,0,0,0.5,0.5
"2453",2453,7,7,7,1,0,0.5,0.5
"2454",2454,4,7,6,1,0,0.5,0.5
"2455",2455,7,7,7,1,0,0.5,0.5
"2456",2456,8,5,7,0,0,0.5,0.5
"2457",2457,5,2,3,0,0,0.5,0.5
"2458",2458,7,4,6,0,0,0.5,0.5
"2459",2459,3,5,4,1,0,0.5,0.5
"2460",2460,5,2,3,0,0,0.5,0.5
"2461",2461,5,3,4,0,0,0.5,0.5
"2462",2462,2,5,3,1,0,0.5,0.5
"2463",2463,5,8,7,1,0,0.5,0.5
"2464",2464,3,3,3,1,0,0.5,0.5
"2465",2465,7,4,6,1,0,0.5,0.5
"2466",2466,3,1,2,0,0,0.5,0.5
"2467",2467,1,4,2,0,0,0.5,0.5
"2468",2468,2,5,3,0,0,0.5,0.5
"2469",2469,7,7,7,1,0,0.5,0.5
"2470",2470,3,1,2,0,0,0.5,0.5
"2471",2471,3,6,4,0,0,0.5,0.5
"2472",2472,8,6,7,1,0,0.5,0.5
"2473",2473,2,5,3,0,0,0.5,0.5
"2474",2474,1,4,2,0,0,0.5,0.5
"2475",2475,3,1,2,0,0,0.5,0.5
"2476",2476,4,6,5,1,0,0.5,0.5
"2477",2477,1,1,1,0,0,0.5,0.5
"2478",2478,5,7,6,0,0,0.5,0.5
"2479",2479,3,3,3,0,0,0.5,0.5
"2480",2480,8,8,8,1,0,0.5,0.5
"2481",2481,2,2,2,0,0,0.5,0.5
"2482",2482,6,3,4,0,0,0.5,0.5
"2483",2483,5,3,4,0,0,0.5,0.5
"2484",2484,1,1,1,0,0,0.5,0.5
"2485",2485,3,3,3,0,0,0.5,0.5
"2486",2486,7,5,6,1,0,0.5,0.5
"2487",2487,8,8,8,1,0,0.5,0.5
"2488",2488,6,8,7,0,0,0.5,0.5
"2489",2489,8,5,7,1,0,0.5,0.5
"2490",2490,3,5,4,1,0,0.5,0.5
"2491",2491,5,8,7,1,0,0.5,0.5
"2492",2492,4,6,5,0,0,0.5,0.5
"2493",2493,1,4,2,0,0,0.5,0.5
"2494",2494,1,4,2,0,0,0.5,0.5
"2495",2495,8,5,7,1,0,0.5,0.5
"2496",2496,5,5,5,0,0,0.5,0.5
"2497",2497,7,4,6,1,0,0.5,0.5
"2498",2498,2,4,3,0,0,0.5,0.5
"2499",2499,2,2,2,1,0,0.5,0.5
"2500",2500,1,4,2,0,0,0.5,0.5
"2501",2501,6,6,6,1,0,0.5,0.5
"2502",2502,3,1,2,0,0,0.5,0.5
"2503",2503,3,1,2,0,0,0.5,0.5
"2504",2504,8,5,7,1,0,0.5,0.5
"2505",2505,7,4,6,0,0,0.5,0.5
"2506",2506,1,3,2,0,0,0.5,0.5
"2507",2507,2,5,3,1,0,0.5,0.5
"2508",2508,5,3,4,1,0,0.5,0.5
"2509",2509,5,8,7,0,0,0.5,0.5
"2510",2510,7,4,6,0,0,0.5,0.5
"2511",2511,8,6,7,1,0,0.5,0.5
"2512",2512,7,4,6,1,0,0.5,0.5
"2513",2513,7,5,6,1,0,0.5,0.5
"2514",2514,5,3,4,1,0,0.5,0.5
"2515",2515,3,5,4,0,0,0.5,0.5
"2516",2516,7,5,6,1,0,0.5,0.5
"2517",2517,6,8,7,1,0,0.5,0.5
"2518",2518,8,5,7,1,0,0.5,0.5
"2519",2519,7,5,6,1,0,0.5,0.5
"2520",2520,3,6,4,0,0,0.5,0.5
"2521",2521,6,8,7,1,0,0.5,0.5
"2522",2522,3,3,3,1,0,0.5,0.5
"2523",2523,3,5,4,0,0,0.5,0.5
"2524",2524,8,6,7,0,0,0.5,0.5
"2525",2525,4,7,6,0,0,0.5,0.5
"2526",2526,3,3,3,1,0,0.5,0.5
"2527",2527,4,2,3,0,0,0.5,0.5
"2528",2528,1,3,2,0,0,0.5,0.5
"2529",2529,5,2,3,1,0,0.5,0.5
"2530",2530,5,7,6,1,0,0.5,0.5
"2531",2531,2,2,2,0,0,0.5,0.5
"2532",2532,8,5,7,1,0,0.5,0.5
"2533",2533,3,3,3,0,0,0.5,0.5
"2534",2534,8,8,8,1,0,0.5,0.5
"2535",2535,6,4,5,1,0,0.5,0.5
"2536",2536,2,2,2,1,0,0.5,0.5
"2537",2537,8,8,8,1,0,0.5,0.5
"2538",2538,7,5,6,0,0,0.5,0.5
"2539",2539,4,2,3,1,0,0.5,0.5
"2540",2540,4,1,2,0,0,0.5,0.5
"2541",2541,4,2,3,1,0,0.5,0.5
"2542",2542,8,8,8,1,0,0.5,0.5
"2543",2543,3,6,4,0,0,0.5,0.5
"2544",2544,6,4,5,0,0,0.5,0.5
"2545",2545,7,4,6,1,0,0.5,0.5
"2546",2546,3,1,2,0,0,0.5,0.5
"2547",2547,6,8,7,1,0,0.5,0.5
"2548",2548,1,1,1,0,0,0.5,0.5
"2549",2549,4,6,5,1,0,0.5,0.5
"2550",2550,6,4,5,0,0,0.5,0.5
"2551",2551,7,7,7,1,0,0.5,0.5
"2552",2552,3,6,4,0,0,0.5,0.5
"2553",2553,7,4,6,0,0,0.5,0.5
"2554",2554,6,3,4,1,0,0.5,0.5
"2555",2555,4,2,3,1,0,0.5,0.5
"2556",2556,5,8,7,0,0,0.5,0.5
"2557",2557,6,4,5,0,0,0.5,0.5
"2558",2558,7,5,6,0,0,0.5,0.5
"2559",2559,1,1,1,0,0,0.5,0.5
"2560",2560,4,7,6,0,0,0.5,0.5
"2561",2561,6,8,7,1,0,0.5,0.5
"2562",2562,8,8,8,1,0,0.5,0.5
"2563",2563,6,4,5,1,0,0.5,0.5
"2564",2564,2,4,3,1,0,0.5,0.5
"2565",2565,4,2,3,1,0,0.5,0.5
"2566",2566,3,3,3,1,0,0.5,0.5
"2567",2567,5,5,5,1,0,0.5,0.5
"2568",2568,8,8,8,1,0,0.5,0.5
"2569",2569,5,2,3,0,0,0.5,0.5
"2570",2570,4,1,2,0,0,0.5,0.5
"2571",2571,4,7,6,1,0,0.5,0.5
"2572",2572,1,1,1,0,0,0.5,0.5
"2573",2573,4,1,2,0,0,0.5,0.5
"2574",2574,3,3,3,0,0,0.5,0.5
"2575",2575,3,6,4,0,0,0.5,0.5
"2576",2576,5,5,5,0,0,0.5,0.5
"2577",2577,2,5,3,1,0,0.5,0.5
"2578",2578,2,5,3,0,0,0.5,0.5
"2579",2579,5,5,5,0,0,0.5,0.5
"2580",2580,7,7,7,1,0,0.5,0.5
"2581",2581,4,7,6,0,0,0.5,0.5
"2582",2582,5,5,5,1,0,0.5,0.5
"2583",2583,5,5,5,0,0,0.5,0.5
"2584",2584,5,7,6,1,0,0.5,0.5
"2585",2585,8,8,8,1,0,0.5,0.5
"2586",2586,4,4,4,0,0,0.5,0.5
"2587",2587,8,6,7,1,0,0.5,0.5
"2588",2588,7,4,6,0,0,0.5,0.5
"2589",2589,2,4,3,1,0,0.5,0.5
"2590",2590,8,6,7,1,0,0.5,0.5
"2591",2591,5,5,5,1,0,0.5,0.5
"2592",2592,4,6,5,0,0,0.5,0.5
"2593",2593,5,2,3,1,0,0.5,0.5
"2594",2594,5,5,5,0,0,0.5,0.5
"2595",2595,8,8,8,1,0,0.5,0.5
"2596",2596,5,3,4,0,0,0.5,0.5
"2597",2597,4,4,4,0,0,0.5,0.5
"2598",2598,2,2,2,1,0,0.5,0.5
"2599",2599,3,5,4,1,0,0.5,0.5
"2600",2600,2,5,3,0,0,0.5,0.5
"2601",2601,4,1,2,0,0,0.5,0.5
"2602",2602,7,5,6,1,0,0.5,0.5
"2603",2603,3,5,4,1,0,0.5,0.5
"2604",2604,4,1,2,1,0,0.5,0.5
"2605",2605,7,7,7,0,0,0.5,0.5
"2606",2606,8,6,7,1,0,0.5,0.5
"2607",2607,3,3,3,0,0,0.5,0.5
"2608",2608,7,5,6,0,0,0.5,0.5
"2609",2609,8,5,7,1,0,0.5,0.5
"2610",2610,4,2,3,1,0,0.5,0.5
"2611",2611,6,8,7,1,0,0.5,0.5
"2612",2612,8,6,7,1,0,0.5,0.5
"2613",2613,7,4,6,1,0,0.5,0.5
"2614",2614,6,6,6,1,0,0.5,0.5
"2615",2615,8,6,7,1,0,0.5,0.5
"2616",2616,8,5,7,1,0,0.5,0.5
"2617",2617,8,6,7,0,0,0.5,0.5
"2618",2618,4,6,5,1,0,0.5,0.5
"2619",2619,8,8,8,1,0,0.5,0.5
"2620",2620,1,3,2,0,0,0.5,0.5
"2621",2621,4,2,3,1,0,0.5,0.5
"2622",2622,7,5,6,1,0,0.5,0.5
"2623",2623,3,3,3,0,0,0.5,0.5
"2624",2624,1,1,1,0,0,0.5,0.5
"2625",2625,7,5,6,1,0,0.5,0.5
"2626",2626,5,5,5,0,0,0.5,0.5
"2627",2627,1,4,2,0,0,0.5,0.5
"2628",2628,3,5,4,0,0,0.5,0.5
"2629",2629,4,2,3,0,0,0.5,0.5
"2630",2630,7,7,7,1,0,0.5,0.5
"2631",2631,4,4,4,0,0,0.5,0.5
"2632",2632,4,1,2,0,0,0.5,0.5
"2633",2633,5,3,4,0,0,0.5,0.5
"2634",2634,6,6,6,1,0,0.5,0.5
"2635",2635,3,3,3,1,0,0.5,0.5
"2636",2636,6,4,5,1,0,0.5,0.5
"2637",2637,2,5,3,0,0,0.5,0.5
"2638",2638,3,5,4,1,0,0.5,0.5
"2639",2639,7,7,7,1,0,0.5,0.5
"2640",2640,5,7,6,1,0,0.5,0.5
"2641",2641,8,6,7,0,0,0.5,0.5
"2642",2642,2,5,3,1,0,0.5,0.5
"2643",2643,1,3,2,0,0,0.5,0.5
"2644",2644,2,4,3,0,0,0.5,0.5
"2645",2645,4,6,5,0,0,0.5,0.5
"2646",2646,8,6,7,1,0,0.5,0.5
"2647",2647,3,1,2,0,0,0.5,0.5
"2648",2648,6,8,7,1,0,0.5,0.5
"2649",2649,7,4,6,1,0,0.5,0.5
"2650",2650,8,8,8,1,0,0.5,0.5
"2651",2651,4,4,4,1,0,0.5,0.5
"2652",2652,1,4,2,1,0,0.5,0.5
"2653",2653,8,8,8,1,0,0.5,0.5
"2654",2654,4,7,6,1,0,0.5,0.5
"2655",2655,4,7,6,1,0,0.5,0.5
"2656",2656,4,7,6,0,0,0.5,0.5
"2657",2657,5,2,3,0,0,0.5,0.5
"2658",2658,2,2,2,0,0,0.5,0.5
"2659",2659,1,1,1,0,0,0.5,0.5
"2660",2660,8,8,8,1,0,0.5,0.5
"2661",2661,5,5,5,1,0,0.5,0.5
"2662",2662,3,5,4,0,0,0.5,0.5
"2663",2663,3,1,2,0,0,0.5,0.5
"2664",2664,1,1,1,0,0,0.5,0.5
"2665",2665,2,4,3,0,0,0.5,0.5
"2666",2666,4,6,5,1,0,0.5,0.5
"2667",2667,3,6,4,0,0,0.5,0.5
"2668",2668,6,3,4,0,0,0.5,0.5
"2669",2669,1,1,1,0,0,0.5,0.5
"2670",2670,6,4,5,1,0,0.5,0.5
"2671",2671,4,1,2,0,0,0.5,0.5
"2672",2672,1,4,2,0,0,0.5,0.5
"2673",2673,6,8,7,1,0,0.5,0.5
"2674",2674,1,3,2,0,0,0.5,0.5
"2675",2675,1,1,1,0,0,0.5,0.5
"2676",2676,3,3,3,1,0,0.5,0.5
"2677",2677,1,1,1,0,0,0.5,0.5
"2678",2678,7,7,7,1,0,0.5,0.5
"2679",2679,4,7,6,0,0,0.5,0.5
"2680",2680,3,5,4,0,0,0.5,0.5
"2681",2681,4,6,5,0,0,0.5,0.5
"2682",2682,1,4,2,0,0,0.5,0.5
"2683",2683,2,5,3,0,0,0.5,0.5
"2684",2684,2,5,3,0,0,0.5,0.5
"2685",2685,8,6,7,0,0,0.5,0.5
"2686",2686,8,6,7,1,0,0.5,0.5
"2687",2687,2,4,3,0,0,0.5,0.5
"2688",2688,6,4,5,0,0,0.5,0.5
"2689",2689,1,4,2,1,0,0.5,0.5
"2690",2690,4,7,6,1,0,0.5,0.5
"2691",2691,7,7,7,1,0,0.5,0.5
"2692",2692,1,4,2,0,0,0.5,0.5
"2693",2693,7,4,6,1,0,0.5,0.5
"2694",2694,2,4,3,1,0,0.5,0.5
"2695",2695,8,5,7,1,0,0.5,0.5
"2696",2696,5,7,6,1,0,0.5,0.5
"2697",2697,1,3,2,0,0,0.5,0.5
"2698",2698,6,3,4,0,0,0.5,0.5
"2699",2699,8,5,7,1,0,0.5,0.5
"2700",2700,4,6,5,1,0,0.5,0.5
"2701",2701,7,4,6,1,0,0.5,0.5
"2702",2702,4,1,2,0,0,0.5,0.5
"2703",2703,2,2,2,0,0,0.5,0.5
"2704",2704,2,5,3,0,0,0.5,0.5
"2705",2705,8,5,7,0,0,0.5,0.5
"2706",2706,3,5,4,1,0,0.5,0.5
"2707",2707,4,1,2,0,0,0.5,0.5
"2708",2708,8,5,7,1,0,0.5,0.5
"2709",2709,7,7,7,1,0,0.5,0.5
"2710",2710,8,8,8,1,0,0.5,0.5
"2711",2711,1,4,2,0,0,0.5,0.5
"2712",2712,1,4,2,0,0,0.5,0.5
"2713",2713,4,2,3,1,0,0.5,0.5
"2714",2714,1,1,1,0,0,0.5,0.5
"2715",2715,7,7,7,1,0,0.5,0.5
"2716",2716,6,3,4,1,0,0.5,0.5
"2717",2717,8,6,7,1,0,0.5,0.5
"2718",2718,7,4,6,1,0,0.5,0.5
"2719",2719,8,5,7,1,0,0.5,0.5
"2720",2720,4,2,3,1,0,0.5,0.5
"2721",2721,5,2,3,1,0,0.5,0.5
"2722",2722,3,6,4,1,0,0.5,0.5
"2723",2723,8,5,7,1,0,0.5,0.5
"2724",2724,5,7,6,0,0,0.5,0.5
"2725",2725,8,5,7,1,0,0.5,0.5
"2726",2726,8,5,7,1,0,0.5,0.5
"2727",2727,1,4,2,0,0,0.5,0.5
"2728",2728,5,5,5,1,0,0.5,0.5
"2729",2729,3,3,3,0,0,0.5,0.5
"2730",2730,3,1,2,0,0,0.5,0.5
"2731",2731,5,2,3,1,0,0.5,0.5
"2732",2732,7,5,6,1,0,0.5,0.5
"2733",2733,4,2,3,1,0,0.5,0.5
"2734",2734,8,5,7,0,0,0.5,0.5
"2735",2735,3,3,3,0,0,0.5,0.5
"2736",2736,1,4,2,0,0,0.5,0.5
"2737",2737,1,4,2,0,0,0.5,0.5
"2738",2738,1,1,1,0,0,0.5,0.5
"2739",2739,4,2,3,0,0,0.5,0.5
"2740",2740,7,4,6,0,0,0.5,0.5
"2741",2741,5,8,7,1,0,0.5,0.5
"2742",2742,1,4,2,0,0,0.5,0.5
"2743",2743,6,4,5,0,0,0.5,0.5
"2744",2744,5,2,3,0,0,0.5,0.5
"2745",2745,6,6,6,1,0,0.5,0.5
"2746",2746,7,5,6,1,0,0.5,0.5
"2747",2747,3,5,4,1,0,0.5,0.5
"2748",2748,4,6,5,1,0,0.5,0.5
"2749",2749,2,5,3,0,0,0.5,0.5
"2750",2750,6,8,7,1,0,0.5,0.5
"2751",2751,1,4,2,0,0,0.5,0.5
"2752",2752,4,4,4,0,0,0.5,0.5
"2753",2753,6,6,6,1,0,0.5,0.5
"2754",2754,4,2,3,1,0,0.5,0.5
"2755",2755,6,6,6,1,0,0.5,0.5
"2756",2756,8,5,7,1,0,0.5,0.5
"2757",2757,1,1,1,0,0,0.5,0.5
"2758",2758,8,8,8,1,0,0.5,0.5
"2759",2759,3,3,3,1,0,0.5,0.5
"2760",2760,5,5,5,1,0,0.5,0.5
"2761",2761,3,6,4,0,0,0.5,0.5
"2762",2762,7,7,7,0,0,0.5,0.5
"2763",2763,3,5,4,0,0,0.5,0.5
"2764",2764,5,8,7,1,0,0.5,0.5
"2765",2765,7,7,7,1,0,0.5,0.5
"2766",2766,2,4,3,0,0,0.5,0.5
"2767",2767,5,5,5,1,0,0.5,0.5
"2768",2768,4,7,6,1,0,0.5,0.5
"2769",2769,5,8,7,0,0,0.5,0.5
"2770",2770,6,6,6,1,0,0.5,0.5
"2771",2771,1,3,2,0,0,0.5,0.5
"2772",2772,8,8,8,1,0,0.5,0.5
"2773",2773,8,6,7,0,0,0.5,0.5
"2774",2774,4,2,3,0,0,0.5,0.5
"2775",2775,4,2,3,0,0,0.5,0.5
"2776",2776,1,1,1,0,0,0.5,0.5
"2777",2777,5,3,4,0,0,0.5,0.5
"2778",2778,4,6,5,1,0,0.5,0.5
"2779",2779,7,7,7,1,0,0.5,0.5
"2780",2780,3,6,4,0,0,0.5,0.5
"2781",2781,4,2,3,0,0,0.5,0.5
"2782",2782,1,4,2,1,0,0.5,0.5
"2783",2783,6,8,7,1,0,0.5,0.5
"2784",2784,2,2,2,0,0,0.5,0.5
"2785",2785,6,3,4,1,0,0.5,0.5
"2786",2786,3,6,4,1,0,0.5,0.5
"2787",2787,5,2,3,0,0,0.5,0.5
"2788",2788,2,4,3,0,0,0.5,0.5
"2789",2789,2,2,2,0,0,0.5,0.5
"2790",2790,6,8,7,1,0,0.5,0.5
"2791",2791,2,4,3,1,0,0.5,0.5
"2792",2792,4,2,3,0,0,0.5,0.5
"2793",2793,1,4,2,1,0,0.5,0.5
"2794",2794,7,5,6,1,0,0.5,0.5
"2795",2795,1,4,2,0,0,0.5,0.5
"2796",2796,4,6,5,1,0,0.5,0.5
"2797",2797,2,2,2,0,0,0.5,0.5
"2798",2798,3,1,2,0,0,0.5,0.5
"2799",2799,1,1,1,0,0,0.5,0.5
"2800",2800,3,1,2,0,0,0.5,0.5
"2801",2801,1,3,2,0,0,0.5,0.5
"2802",2802,5,7,6,1,0,0.5,0.5
"2803",2803,6,4,5,0,0,0.5,0.5
"2804",2804,1,1,1,0,0,0.5,0.5
"2805",2805,2,4,3,0,0,0.5,0.5
"2806",2806,1,3,2,0,0,0.5,0.5
"2807",2807,3,6,4,1,0,0.5,0.5
"2808",2808,2,4,3,0,0,0.5,0.5
"2809",2809,8,8,8,1,0,0.5,0.5
"2810",2810,1,1,1,0,0,0.5,0.5
"2811",2811,8,8,8,1,0,0.5,0.5
"2812",2812,7,7,7,1,0,0.5,0.5
"2813",2813,2,4,3,0,0,0.5,0.5
"2814",2814,5,8,7,1,0,0.5,0.5
"2815",2815,5,5,5,1,0,0.5,0.5
"2816",2816,2,5,3,0,0,0.5,0.5
"2817",2817,3,1,2,0,0,0.5,0.5
"2818",2818,6,3,4,1,0,0.5,0.5
"2819",2819,4,2,3,0,0,0.5,0.5
"2820",2820,8,5,7,1,0,0.5,0.5
"2821",2821,5,5,5,0,0,0.5,0.5
"2822",2822,6,4,5,0,0,0.5,0.5
"2823",2823,7,4,6,1,0,0.5,0.5
"2824",2824,5,8,7,1,0,0.5,0.5
"2825",2825,1,3,2,0,0,0.5,0.5
"2826",2826,4,2,3,0,0,0.5,0.5
"2827",2827,2,5,3,0,0,0.5,0.5
"2828",2828,8,5,7,1,0,0.5,0.5
"2829",2829,2,2,2,0,0,0.5,0.5
"2830",2830,4,7,6,1,0,0.5,0.5
"2831",2831,5,7,6,1,0,0.5,0.5
"2832",2832,5,8,7,1,0,0.5,0.5
"2833",2833,2,5,3,0,0,0.5,0.5
"2834",2834,1,3,2,0,0,0.5,0.5
"2835",2835,8,6,7,1,0,0.5,0.5
"2836",2836,8,8,8,1,0,0.5,0.5
"2837",2837,1,4,2,1,0,0.5,0.5
"2838",2838,2,5,3,1,0,0.5,0.5
"2839",2839,6,3,4,0,0,0.5,0.5
"2840",2840,5,3,4,0,0,0.5,0.5
"2841",2841,2,2,2,1,0,0.5,0.5
"2842",2842,6,3,4,0,0,0.5,0.5
"2843",2843,7,5,6,0,0,0.5,0.5
"2844",2844,4,7,6,1,0,0.5,0.5
"2845",2845,7,7,7,1,0,0.5,0.5
"2846",2846,2,2,2,0,0,0.5,0.5
"2847",2847,3,1,2,0,0,0.5,0.5
"2848",2848,3,3,3,1,0,0.5,0.5
"2849",2849,3,5,4,0,0,0.5,0.5
"2850",2850,6,6,6,1,0,0.5,0.5
"2851",2851,7,4,6,0,0,0.5,0.5
"2852",2852,7,5,6,0,0,0.5,0.5
"2853",2853,4,1,2,0,0,0.5,0.5
"2854",2854,8,6,7,1,0,0.5,0.5
"2855",2855,7,7,7,1,0,0.5,0.5
"2856",2856,1,4,2,0,0,0.5,0.5
"2857",2857,7,4,6,1,0,0.5,0.5
"2858",2858,1,1,1,0,0,0.5,0.5
"2859",2859,5,7,6,1,0,0.5,0.5
"2860",2860,5,7,6,0,0,0.5,0.5
"2861",2861,3,5,4,1,0,0.5,0.5
"2862",2862,3,1,2,0,0,0.5,0.5
"2863",2863,2,4,3,1,0,0.5,0.5
"2864",2864,7,5,6,1,0,0.5,0.5
"2865",2865,3,3,3,0,0,0.5,0.5
"2866",2866,5,3,4,0,0,0.5,0.5
"2867",2867,7,4,6,0,0,0.5,0.5
"2868",2868,6,3,4,1,0,0.5,0.5
"2869",2869,2,5,3,0,0,0.5,0.5
"2870",2870,8,6,7,1,0,0.5,0.5
"2871",2871,2,5,3,0,0,0.5,0.5
"2872",2872,4,1,2,0,0,0.5,0.5
"2873",2873,6,3,4,1,0,0.5,0.5
"2874",2874,4,1,2,0,0,0.5,0.5
"2875",2875,8,5,7,1,0,0.5,0.5
"2876",2876,4,1,2,0,0,0.5,0.5
"2877",2877,3,3,3,0,0,0.5,0.5
"2878",2878,4,2,3,0,0,0.5,0.5
"2879",2879,7,4,6,0,0,0.5,0.5
"2880",2880,8,6,7,0,0,0.5,0.5
"2881",2881,6,6,6,1,0,0.5,0.5
"2882",2882,1,4,2,0,0,0.5,0.5
"2883",2883,4,2,3,1,0,0.5,0.5
"2884",2884,8,8,8,1,0,0.5,0.5
"2885",2885,6,6,6,0,0,0.5,0.5
"2886",2886,5,7,6,1,0,0.5,0.5
"2887",2887,6,3,4,0,0,0.5,0.5
"2888",2888,8,8,8,1,0,0.5,0.5
"2889",2889,3,3,3,0,0,0.5,0.5
"2890",2890,7,5,6,0,0,0.5,0.5
"2891",2891,8,8,8,1,0,0.5,0.5
"2892",2892,2,2,2,0,0,0.5,0.5
"2893",2893,6,4,5,0,0,0.5,0.5
"2894",2894,5,8,7,0,0,0.5,0.5
"2895",2895,6,6,6,0,0,0.5,0.5
"2896",2896,6,4,5,0,0,0.5,0.5
"2897",2897,6,8,7,1,0,0.5,0.5
"2898",2898,2,4,3,1,0,0.5,0.5
"2899",2899,7,5,6,1,0,0.5,0.5
"2900",2900,7,5,6,1,0,0.5,0.5
"2901",2901,4,4,4,0,0,0.5,0.5
"2902",2902,4,7,6,0,0,0.5,0.5
"2903",2903,2,2,2,0,0,0.5,0.5
"2904",2904,5,5,5,1,0,0.5,0.5
"2905",2905,7,7,7,0,0,0.5,0.5
"2906",2906,2,4,3,0,0,0.5,0.5
"2907",2907,1,1,1,0,0,0.5,0.5
"2908",2908,7,7,7,1,0,0.5,0.5
"2909",2909,7,4,6,0,0,0.5,0.5
"2910",2910,1,1,1,1,0,0.5,0.5
"2911",2911,7,5,6,0,0,0.5,0.5
"2912",2912,5,8,7,1,0,0.5,0.5
"2913",2913,4,6,5,1,0,0.5,0.5
"2914",2914,6,6,6,1,0,0.5,0.5
"2915",2915,4,7,6,0,0,0.5,0.5
"2916",2916,8,6,7,1,0,0.5,0.5
"2917",2917,5,7,6,1,0,0.5,0.5
"2918",2918,4,1,2,1,0,0.5,0.5
"2919",2919,7,7,7,1,0,0.5,0.5
"2920",2920,4,2,3,0,0,0.5,0.5
"2921",2921,5,5,5,1,0,0.5,0.5
"2922",2922,8,6,7,1,0,0.5,0.5
"2923",2923,8,8,8,1,0,0.5,0.5
"2924",2924,8,5,7,1,0,0.5,0.5
"2925",2925,8,5,7,1,0,0.5,0.5
"2926",2926,5,2,3,0,0,0.5,0.5
"2927",2927,8,6,7,1,0,0.5,0.5
"2928",2928,3,5,4,0,0,0.5,0.5
"2929",2929,5,3,4,0,0,0.5,0.5
"2930",2930,5,8,7,1,0,0.5,0.5
"2931",2931,5,8,7,1,0,0.5,0.5
"2932",2932,1,4,2,0,0,0.5,0.5
"2933",2933,8,6,7,1,0,0.5,0.5
"2934",2934,6,6,6,0,0,0.5,0.5
"2935",2935,4,2,3,0,0,0.5,0.5
"2936",2936,5,8,7,1,0,0.5,0.5
"2937",2937,6,3,4,1,0,0.5,0.5
"2938",2938,4,7,6,0,0,0.5,0.5
"2939",2939,5,8,7,1,0,0.5,0.5
"2940",2940,5,3,4,0,0,0.5,0.5
"2941",2941,8,6,7,1,0,0.5,0.5
"2942",2942,7,5,6,0,0,0.5,0.5
"2943",2943,1,3,2,1,0,0.5,0.5
"2944",2944,3,6,4,0,0,0.5,0.5
"2945",2945,4,7,6,0,0,0.5,0.5
"2946",2946,8,8,8,1,0,0.5,0.5
"2947",2947,3,1,2,0,0,0.5,0.5
"2948",2948,6,6,6,1,0,0.5,0.5
"2949",2949,2,4,3,0,0,0.5,0.5
"2950",2950,1,1,1,0,0,0.5,0.5
"2951",2951,6,4,5,1,0,0.5,0.5
"2952",2952,2,5,3,0,0,0.5,0.5
"2953",2953,1,4,2,0,0,0.5,0.5
"2954",2954,5,7,6,0,0,0.5,0.5
"2955",2955,2,4,3,1,0,0.5,0.5
"2956",2956,2,5,3,1,0,0.5,0.5
"2957",2957,7,7,7,1,0,0.5,0.5
"2958",2958,6,3,4,0,0,0.5,0.5
"2959",2959,6,3,4,1,0,0.5,0.5
"2960",2960,1,4,2,0,0,0.5,0.5
"2961",2961,4,6,5,0,0,0.5,0.5
"2962",2962,3,3,3,0,0,0.5,0.5
"2963",2963,7,5,6,1,0,0.5,0.5
"2964",2964,7,4,6,0,0,0.5,0.5
"2965",2965,8,6,7,1,0,0.5,0.5
"2966",2966,2,2,2,0,0,0.5,0.5
"2967",2967,2,5,3,0,0,0.5,0.5
"2968",2968,6,4,5,0,0,0.5,0.5
"2969",2969,4,2,3,0,0,0.5,0.5
"2970",2970,3,6,4,1,0,0.5,0.5
"2971",2971,8,5,7,1,0,0.5,0.5
"2972",2972,4,2,3,1,0,0.5,0.5
"2973",2973,8,6,7,1,0,0.5,0.5
"2974",2974,1,4,2,0,0,0.5,0.5
"2975",2975,6,4,5,0,0,0.5,0.5
"2976",2976,2,4,3,0,0,0.5,0.5
"2977",2977,5,3,4,0,0,0.5,0.5
"2978",2978,5,2,3,1,0,0.5,0.5
"2979",2979,2,2,2,0,0,0.5,0.5
"2980",2980,3,5,4,0,0,0.5,0.5
"2981",2981,4,7,6,1,0,0.5,0.5
"2982",2982,6,6,6,1,0,0.5,0.5
"2983",2983,5,8,7,1,0,0.5,0.5
"2984",2984,6,8,7,0,0,0.5,0.5
"2985",2985,7,4,6,1,0,0.5,0.5
"2986",2986,3,6,4,0,0,0.5,0.5
"2987",2987,5,8,7,1,0,0.5,0.5
"2988",2988,1,4,2,0,0,0.5,0.5
"2989",2989,2,4,3,1,0,0.5,0.5
"2990",2990,3,3,3,0,0,0.5,0.5
"2991",2991,1,1,1,0,0,0.5,0.5
"2992",2992,5,3,4,0,0,0.5,0.5
"2993",2993,4,1,2,0,0,0.5,0.5
"2994",2994,5,5,5,0,0,0.5,0.5
"2995",2995,7,7,7,1,0,0.5,0.5
"2996",2996,3,5,4,0,0,0.5,0.5
"2997",2997,5,2,3,0,0,0.5,0.5
"2998",2998,4,7,6,1,0,0.5,0.5
"2999",2999,2,5,3,0,0,0.5,0.5
"3000",3000,1,4,2,0,0,0.5,0.5
